time,future,open,high,low,close,vol,amt,bid1,bidvol1,ask1,askvol1,oi,code
2020-03-31,PG.DCE,2533.696518025887,2653.603966409828,2506.5870079564743,2653.603966409828,89839.0,4515308140.0,2545,2458,0,0,18891.0,PG2011
2020-04-01,PG.DCE,2655.6893133382446,2754.743292438022,2637.9638644467054,2735.975170082275,199435.0,10362642600.0,2625,2,2626,47,21955.0,PG2011
2020-04-02,PG.DCE,2756.8286393664384,2897.5895570345433,2718.2497211907357,2897.5895570345433,206057.0,11073503180.0,2779,1547,0,0,26486.0,PG2011
2020-04-03,PG.DCE,2909.058965140833,2997.686209598529,2848.5839042167586,2997.686209598529,323535.0,18143842800.0,2875,1510,0,0,35752.0,PG2011
2020-04-07,PG.DCE,3044.606515487897,3193.7088208696673,3037.30780123844,3147.8311884445075,430450.0,25870045000.0,3019,1,3020,96,48247.0,PG2011
2020-04-08,PG.DCE,3113.4229641256375,3142.6178211234665,3014.3689850258597,3064.4173113078527,494076.0,29180128560.0,2938,9,2939,36,49156.0,PG2011
2020-04-09,PG.DCE,3107.166923340388,3173.898025049712,3090.4841479130573,3146.788514980299,457508.0,27496230800.0,3018,23,3020,130,45765.0,PG2011
2020-04-10,PG.DCE,3055.033250129979,3150.959208837132,3037.30780123844,3149.9165353729236,310584.0,18454901280.0,3021,15,3022,21,46292.0,PG2011
2020-04-13,PG.DCE,3206.220902440166,3313.6162692536086,3206.220902440166,3272.9520041494893,400984.0,25077539360.0,3138,2,3139,2,57076.0,PG2011
2020-04-14,PG.DCE,3280.250718398947,3301.1041876831105,3218.732984010664,3293.8054734336533,327672.0,20472946560.0,3158,38,3159,94,59068.0,PG2011
2020-04-15,PG.DCE,3248.9705144727013,3478.358676598502,3240.629126759036,3381.3900444271408,803635.0,52220202300.0,3244,1,3245,19,82717.0,PG2011
2020-04-16,PG.DCE,3388.688758676598,3453.334513457505,3313.6162692536086,3404.3288606397205,738801.0,47859528780.0,3263,2,3265,91,82774.0,PG2011
2020-04-17,PG.DCE,3436.6517380301743,3472.1026358132526,3261.4825960431995,3324.0430038956906,727177.0,46524784460.0,3189,48,3190,382,74000.0,PG2011
2020-04-20,PG.DCE,3219.775657474872,3363.6645955356016,3211.4342697612065,3358.4512282145606,500458.0,31568890640.0,3222,10,3223,67,75752.0,PG2011
2020-04-21,PG.DCE,3336.5550854661888,3405.3715341039288,3265.653289900032,3378.262024034516,767821.0,49109831160.0,3239,4,3240,32,91434.0,PG2011
2020-04-22,PG.DCE,3317.7869631104413,3357.4085547503523,3195.794167798084,3262.5252695074078,995470.0,62336331400.0,3129,14,3130,77,81566.0,PG2011
2020-04-23,PG.DCE,3304.232208075735,3492.956105097416,3281.2933918631547,3492.956105097416,744746.0,48780863000.0,3350,578,0,0,94323.0,PG2011
2020-04-24,PG.DCE,3492.956105097416,3569.0712679846138,3456.46253385013,3545.0897783078253,784376.0,52819879840.0,3399,1,3400,14,97404.0,PG2011
2020-04-27,PG.DCE,3524.2363090236618,3747.368430364213,3512.766900917372,3728.600308008466,887455.0,62530079300.0,3574,2,3576,86,118378.0,PG2011
2020-04-28,PG.DCE,3704.6188183316776,3815.142205537745,3437.6944114943826,3500.254819346874,1270395.0,86996649600.0,3357,51,3358,4,75027.0,PG2011
2020-04-29,PG.DCE,3500.254819346874,3617.03424733819,3408.499554496553,3460.6332277069628,949175.0,63651675500.0,3319,1,3320,57,69018.0,PG2011
2020-04-30,PG.DCE,3503.382839739498,3541.961757915201,3456.46253385013,3538.8337375225765,602578.0,40420932240.0,3394,7,3395,9,55701.0,PG2011
2020-05-06,PG.DCE,3649.357124728644,3674.3812878696403,3521.1082886310373,3586.796716876153,371491.0,25499142240.0,3440,1,3441,86,64990.0,PG2011
2020-05-07,PG.DCE,3560.7298802709483,3617.03424733819,3533.6203702015355,3558.6445333425318,414782.0,28395975720.0,3413,7,3415,37,65440.0,PG2011
2020-05-08,PG.DCE,3595.1381045898183,3610.778206552941,3498.169472418457,3601.394145375067,423534.0,28944313560.0,3453,257,3454,39,73205.0,PG2011
2020-05-11,PG.DCE,3602.4368188392755,3656.655838978101,3467.93194195642,3490.870758169,582185.0,39670085900.0,3348,103,3349,7,65663.0,PG2011
2020-05-12,PG.DCE,3492.956105097416,3499.2121458826655,3411.627574889178,3484.6147173837508,472577.0,31379112800.0,3342,11,3343,31,68509.0,PG2011
2020-05-13,PG.DCE,3496.0841254900406,3498.169472418457,3345.9391466440625,3361.579248607185,565841.0,36870199560.0,3225,3,3226,87,74462.0,PG2011
2020-05-14,PG.DCE,3373.0486567134753,3412.670248353386,3341.7684527872298,3395.987472926055,438676.0,28426204800.0,3257,16,3258,22,75040.0,PG2011
2020-05-15,PG.DCE,3395.987472926055,3435.609064565966,3363.6645955356016,3414.7555952818025,338202.0,22071062520.0,3273,37,3274,1,66480.0,PG2011
2020-05-18,PG.DCE,3413.712921817594,3418.926289138635,3303.1895346115266,3367.8352893924343,551455.0,35469585600.0,3229,12,3230,102,74568.0,PG2011
2020-05-19,PG.DCE,3388.688758676598,3519.0229417026208,3381.3900444271408,3503.382839739498,516544.0,34174551040.0,3360,5,3361,1,72254.0,PG2011
2020-05-20,PG.DCE,3503.382839739498,3572.199288377238,3484.6147173837508,3532.577696737327,348115.0,23553460900.0,3387,16,3388,4,67902.0,PG2011
2020-05-21,PG.DCE,3544.0471048436175,3559.68720680674,3508.596207060539,3527.364329416286,249304.0,16882866880.0,3383,114,3384,2,65366.0,PG2011
2020-05-22,PG.DCE,3529.4496763447028,3579.4980026266953,3432.4810441733416,3481.4866969911263,371833.0,25039234220.0,3339,25,3340,4,62871.0,PG2011
2020-05-25,PG.DCE,3508.596207060539,3633.717022765521,3499.2121458826655,3577.412655698279,402252.0,27530126880.0,3431,58,3433,25,67087.0,PG2011
2020-05-26,PG.DCE,3566.985921056197,3585.7540434119446,3515.8949213099963,3551.3458190930746,264800.0,18032880000.0,3406,27,3407,1,65440.0,PG2011
2020-05-27,PG.DCE,3560.7298802709483,3579.4980026266953,3511.7242274531636,3541.961757915201,227595.0,15462804300.0,3396,42,3397,5,62600.0,PG2011
2020-05-28,PG.DCE,3535.7057171299516,3592.010084197194,3517.980268238413,3580.5406760909036,209954.0,14306265560.0,3434,3,3435,63,70637.0,PG2011
2020-05-29,PG.DCE,3592.010084197194,3595.1381045898183,3543.004431379409,3584.7113699477363,158223.0,10828782120.0,3438,15,3440,127,62109.0,PG2011
2020-06-01,PG.DCE,3583.6686964835285,3687.936042904347,3559.68720680674,3675.4239613338486,206963.0,14433599620.0,3525,93,3526,246,74092.0,PG2011
2020-06-02,PG.DCE,3668.125247084391,3773.4352669694176,3667.082573620183,3759.880511934711,279000.0,19942920000.0,3605,12,3608,1,83122.0,PG2011
2020-06-03,PG.DCE,3753.6244711494624,3764.051205791544,3711.9175325811348,3745.283083435797,181670.0,13018472200.0,3590,106,3591,1,74829.0,PG2011
2020-06-04,PG.DCE,3735.899022257923,3736.9416957221315,3657.6985124423095,3666.039900155975,182757.0,12968436720.0,3516,40,3517,7,66787.0,PG2011
2020-06-05,PG.DCE,3663.9545532275583,3758.8378384705034,3662.91187976335,3745.283083435797,185042.0,13211998800.0,3591,32,3592,77,81708.0,PG2011
2020-06-08,PG.DCE,3790.1180423967485,3833.9103278934926,3684.808022511722,3700.448124474845,239605.0,17117381200.0,3549,59,3550,73,71489.0,PG2011
2020-06-09,PG.DCE,3682.7226755833058,3751.5391242210458,3681.6800021190975,3736.9416957221315,184452.0,13166183760.0,3583,109,3584,202,75921.0,PG2011
2020-06-10,PG.DCE,3725.472287615841,3741.112389578964,3685.85069597593,3700.448124474845,139040.0,9888524800.0,3548,55,3549,33,71000.0,PG2011
2020-06-11,PG.DCE,3700.448124474845,3709.8321856527186,3520.065615166829,3551.3458190930746,365207.0,25126241600.0,3405,155,3406,7,76596.0,PG2011
2020-06-12,PG.DCE,3524.2363090236618,3539.876410986785,3407.4568810323453,3489.8280847047918,403620.0,26945671200.0,3346,8,3347,11,72623.0,PG2011
2020-06-15,PG.DCE,3513.8095743815798,3571.15661491303,3454.3771869217135,3516.9375947742046,293515.0,19753559500.0,3372,3,3373,79,71170.0,PG2011
2020-06-16,PG.DCE,3497.126798954249,3636.8450431581455,3484.6147173837508,3608.6928596245248,306661.0,21049211040.0,3460,55,3461,13,70566.0,PG2011
2020-06-17,PG.DCE,3633.717022765521,3666.039900155975,3586.796716876153,3629.5463289086883,209142.0,14552100360.0,3481,19,3482,11,66179.0,PG2011
2020-06-18,PG.DCE,3627.460981980272,3654.5704920496846,3600.3514719108593,3625.3756350518556,166693.0,11578495780.0,3474,4,3477,7,65244.0,PG2011
2020-06-19,PG.DCE,3630.5890023728966,3725.472287615841,3609.735533088733,3710.874859116927,265168.0,18726164160.0,3558,28,3559,47,73226.0,PG2011
2020-06-22,PG.DCE,3722.344267223217,3741.112389578964,3642.0584104791865,3667.082573620183,179948.0,12697130880.0,3515,75,3517,23,67006.0,PG2011
2020-06-23,PG.DCE,3675.4239613338486,3719.2162468305924,3650.399798192852,3697.3201040822205,146086.0,10339967080.0,3544,22,3546,24,67448.0,PG2011
2020-06-24,PG.DCE,3702.533471403261,3707.746838724302,3608.6928596245248,3673.338614405432,184986.0,12974918040.0,3523,30,3524,71,61076.0,PG2011
2020-06-29,PG.DCE,3635.8023696939376,3655.613165513893,3583.6686964835285,3631.631675837105,133792.0,9298544000.0,3483,75,3484,1,60476.0,PG2011
2020-06-30,PG.DCE,3649.357124728644,3729.642981472674,3646.229104336019,3711.9175325811348,191710.0,13576902200.0,3560,46,3561,138,71734.0,PG2011
2020-07-01,PG.DCE,3702.533471403261,3726.5149610800495,3659.7838593707256,3693.149410225388,157913.0,11183398660.0,3541,35,3542,1,63632.0,PG2011
2020-07-02,PG.DCE,3685.85069597593,3775.520613897834,3681.6800021190975,3757.795165006295,252522.0,18105827400.0,3603,18,3604,70,81594.0,PG2011
2020-07-03,PG.DCE,3757.795165006295,3784.904675075708,3729.642981472674,3778.6486342904586,145909.0,10493775280.0,3623,37,3624,5,82145.0,PG2011
2020-07-06,PG.DCE,3769.264573112585,3779.691307754667,3682.7226755833058,3725.472287615841,203846.0,14558681320.0,3572,6,3573,33,64579.0,PG2011
2020-07-07,PG.DCE,3721.3015937590085,3779.691307754667,3691.064063296971,3742.155063043172,199388.0,14284156320.0,3589,10,3590,28,71444.0,PG2011
2020-07-08,PG.DCE,3751.5391242210458,3801.587450503039,3719.2162468305924,3739.0270426505476,217799.0,15672816040.0,3586,37,3587,87,67749.0,PG2011
2020-07-09,PG.DCE,3742.155063043172,3829.7396340366595,3732.771001865299,3823.4835932514106,217011.0,15724617060.0,3667,20,3668,33,87694.0,PG2011
2020-07-10,PG.DCE,3837.038348286117,3844.337062535574,3744.2404099715886,3778.6486342904586,213464.0,15493217120.0,3624,24,3625,63,72134.0,PG2011
2020-07-13,PG.DCE,3784.904675075708,4063.298490019293,3775.520613897834,3992.396694453136,427777.0,32262941340.0,3829,194,3830,20,95803.0,PG2011
2020-07-14,PG.DCE,3987.1833271320957,4020.5488779867574,3934.006980457478,4006.994122952051,245846.0,18782634400.0,3843,9,3844,7,97619.0,PG2011
2020-07-15,PG.DCE,3993.4393679173445,4085.1946327676646,3969.4578782405565,4051.829081913003,285842.0,22152755000.0,3885,15,3886,54,102890.0,PG2011
2020-07-16,PG.DCE,4060.1704696266684,4074.767898125583,3999.695408702594,4039.317000342505,207724.0,16102764480.0,3873,5,3874,7,100385.0,PG2011
2020-07-17,PG.DCE,4040.3596738067126,4154.011081405405,4009.0794698804675,4029.932939164631,337429.0,26393696380.0,3865,38,3867,38,96561.0,PG2011
2020-07-20,PG.DCE,4020.5488779867574,4061.2131430908767,3935.049653921686,4039.317000342505,293971.0,22547575700.0,3874,6,3875,36,89019.0,PG2011
2020-07-21,PG.DCE,4037.231653414088,4196.76069343794,4029.932939164631,4162.3524691190705,288022.0,22736456680.0,3991,53,3993,28,104288.0,PG2011
2020-07-22,PG.DCE,4177.9925710821935,4232.211591221018,4107.090775516037,4186.333958795859,282486.0,22627128600.0,4014,1,4015,10,93969.0,PG2011
2020-07-23,PG.DCE,4171.736530296944,4195.718019973732,4121.688204014951,4174.864550689568,206739.0,16518446100.0,4003,33,4006,50,93622.0,PG2011
2020-07-24,PG.DCE,4158.181775262237,4166.523162975903,4076.853245053999,4114.389489765494,233556.0,18455595120.0,3946,29,3947,1,89082.0,PG2011
2020-07-27,PG.DCE,4134.20028558545,4205.1020811516055,4018.463531058341,4086.237306231873,274837.0,21723116480.0,3918,3,3919,12,87736.0,PG2011
2020-07-28,PG.DCE,4095.6213674097467,4131.0722651928245,4002.823429095218,4053.914428841419,230121.0,17944835580.0,3887,29,3888,7,88156.0,PG2011
2020-07-29,PG.DCE,4049.7437349845864,4118.560183622327,4020.5488779867574,4101.877408194996,196024.0,15329076800.0,3933,92,3934,7,95371.0,PG2011
2020-07-30,PG.DCE,4076.853245053999,4093.53602048133,3959.0311435984745,4001.78075563101,251512.0,19416726400.0,3837,17,3838,7,95988.0,PG2011
2020-07-31,PG.DCE,3977.799265954222,4049.7437349845864,3941.3056947069354,3989.268674060512,247733.0,18976347800.0,3826,52,3827,10,88689.0,PG2011
2020-08-03,PG.DCE,3989.268674060512,4025.7622453077984,3920.452225422772,4004.908776023635,213180.0,16257106800.0,3841,47,3842,96,92212.0,PG2011
2020-08-04,PG.DCE,4012.207490273092,4076.853245053999,3997.610061774177,4020.5488779867574,178671.0,13821988560.0,3855,12,3856,6,91878.0,PG2011
2020-08-05,PG.DCE,4023.676898379382,4193.632673045316,3979.884612882638,4146.7123671559475,265247.0,20943903120.0,3977,11,3978,12,92192.0,PG2011
2020-08-06,PG.DCE,4170.693856832736,4189.461979188483,4093.53602048133,4147.755040620156,154443.0,12268951920.0,3978,8,3979,10,85851.0,PG2011
2020-08-07,PG.DCE,4168.608509904319,4208.230101544231,4076.853245053999,4116.47483669391,175893.0,13941279180.0,3945,22,3948,24,85834.0,PG2011
2020-08-10,PG.DCE,4116.47483669391,4210.3154484726465,4064.341163483501,4091.450673552914,199815.0,15797373900.0,3924,1,3925,7,88747.0,PG2011
2020-08-11,PG.DCE,4097.706714338163,4134.20028558545,4025.7622453077984,4038.2743268782965,181550.0,14197210000.0,3872,1,3873,1,82873.0,PG2011
2020-08-12,PG.DCE,4055.9997757698357,4071.639877732958,3972.585898633181,4060.1704696266684,175136.0,13524001920.0,3894,1,3895,19,81798.0,PG2011
2020-08-13,PG.DCE,4066.4265104119177,4097.706714338163,3992.396694453136,4004.908776023635,131466.0,10154433840.0,3840,1,3841,43,84149.0,PG2011
2020-08-14,PG.DCE,4018.463531058341,4038.2743268782965,3976.7565924900136,4032.018286093047,102324.0,7860529680.0,3866,1,3867,165,82443.0,PG2011
2020-08-17,PG.DCE,4040.3596738067126,4124.816224407576,4004.908776023635,4026.8049187720067,170177.0,13232963520.0,3862,103,3864,10,83620.0,PG2011
2020-08-18,PG.DCE,4024.71957184359,4065.3838369477094,4010.1221433446754,4029.932939164631,110915.0,8598130800.0,3865,79,3866,4,83495.0,PG2011
2020-08-19,PG.DCE,4033.0609595572555,4040.3596738067126,3951.7324293490174,4020.5488779867574,179540.0,13785081200.0,3855,61,3856,29,89375.0,PG2011
2020-08-20,PG.DCE,4001.78075563101,4036.18897994988,3624.3329615876473,3736.9416957221315,523321.0,38066369540.0,3583,2,3584,4,95026.0,PG2011
2020-08-21,PG.DCE,3732.771001865299,3791.1607158609568,3702.533471403261,3755.7098180778785,199550.0,14327690000.0,3601,80,3602,50,90292.0,PG2011
2020-08-24,PG.DCE,3737.9843691863393,3771.3499200410015,3717.1308999021758,3758.8378384705034,114097.0,8199010420.0,3603,13,3606,3,87178.0,PG2011
2020-08-25,PG.DCE,3753.6244711494624,3791.1607158609568,3675.4239613338486,3765.093879255752,186118.0,13385606560.0,3610,44,3612,2,84663.0,PG2011
2020-08-26,PG.DCE,3777.6059608262503,3783.8620016114996,3715.0455529737596,3753.6244711494624,121763.0,8740148140.0,3599,38,3601,12,84300.0,PG2011
2020-08-27,PG.DCE,3773.4352669694176,3820.355572858786,3731.7283284010905,3785.9473485399158,153378.0,11095364520.0,3631,2,3632,69,81464.0,PG2011
2020-08-28,PG.DCE,3786.990022004124,3857.8918175702806,3774.477940433626,3842.251715607158,159118.0,11672896480.0,3683,6,3685,14,80687.0,PG2011
2020-08-31,PG.DCE,3844.337062535574,3924.6229192796045,3794.2887362535816,3829.7396340366595,171096.0,12657682080.0,3673,98,3674,10,80592.0,PG2011
2020-09-01,PG.DCE,3822.4409197872023,3857.8918175702806,3776.5632873620425,3839.123695214533,118534.0,8693283560.0,3682,2,3683,5,77993.0,PG2011
2020-09-02,PG.DCE,3846.422409463991,3852.6784502492396,3699.4054510106366,3735.899022257923,191706.0,13829670840.0,3583,39,3584,3,89961.0,PG2011
2020-09-03,PG.DCE,3735.899022257923,3763.008532327336,3683.765349047514,3708.7895121885103,148772.0,10625296240.0,3555,50,3557,7,85791.0,PG2011
2020-09-04,PG.DCE,3688.978716368555,3764.051205791544,3663.9545532275583,3709.8321856527186,141804.0,10102116960.0,3556,10,3558,18,84444.0,PG2011
2020-09-07,PG.DCE,3711.9175325811348,3721.3015937590085,3580.5406760909036,3683.765349047514,225814.0,15793431160.0,3533,7,3535,74,86976.0,PG2011
2020-09-08,PG.DCE,3670.2105940128076,3715.0455529737596,3651.44247165706,3671.253267477016,97966.0,6898765720.0,3520,19,3521,33,84530.0,PG2011
2020-09-09,PG.DCE,3636.8450431581455,3700.448124474845,3546.1324517720336,3669.1679205485993,252154.0,17549918400.0,3519,106,3521,24,84937.0,PG2011
2020-09-10,PG.DCE,3675.4239613338486,3735.899022257923,3523.1936355594535,3568.0285945204055,238196.0,16678483920.0,3415,1,3422,21,86293.0,PG2011
2020-09-11,PG.DCE,3563.8579006635728,3607.6501861603165,3502.34016627529,3535.7057171299516,191266.0,13029039920.0,3390,60,3392,37,86278.0,PG2011
2020-09-14,PG.DCE,3535.7057171299516,3595.1381045898183,3517.980268238413,3571.15661491303,120428.0,8222823840.0,3421,14,3425,4,82780.0,PG2011
2020-09-15,PG.DCE,3571.15661491303,3592.010084197194,3521.1082886310373,3547.175125236242,131504.0,8976463040.0,3402,20,3403,11,81542.0,PG2011
2020-09-16,PG.DCE,3560.7298802709483,3625.3756350518556,3539.876410986785,3596.1807780540266,131822.0,9071990040.0,3448,25,3449,9,76252.0,PG2011
2020-09-17,PG.DCE,3601.394145375067,3618.0769208023985,3550.3031456288663,3594.09543112561,134521.0,9260425640.0,3446,14,3448,14,73682.0,PG2011
2020-09-18,PG.DCE,3602.4368188392755,3731.7283284010905,3555.5165129499073,3718.173573366384,210185.0,14725561100.0,3566,8,3570,80,74980.0,PG2011
2020-09-21,PG.DCE,3706.704165260094,3749.4537772926296,3614.9489004097736,3628.50365544448,159932.0,11291199200.0,3479,8,3481,3,66590.0,PG2011
2020-09-22,PG.DCE,3625.3756350518556,3641.015737014978,3475.230656205877,3563.8579006635728,163685.0,11212422500.0,3418,4,3427,1,65012.0,PG2011
2020-09-23,PG.DCE,3566.985921056197,3615.991573873982,3515.8949213099963,3580.5406760909036,150128.0,10271757760.0,3432,23,3434,1,59609.0,PG2011
2020-09-24,PG.DCE,3592.010084197194,3647.2717778002275,3556.5591864141156,3562.8152271993645,141736.0,9782618720.0,3416,139,3417,6,54651.0,PG2011
2020-09-25,PG.DCE,3563.8579006635728,3683.765349047514,3534.6630436657438,3657.6985124423095,128052.0,8925224400.0,3509,2,3510,1,52464.0,PG2011
2020-09-28,PG.DCE,3671.253267477016,3709.8321856527186,3577.412655698279,3593.0527576614018,149623.0,10461640160.0,3445,20,3446,1,49403.0,PG2011
2020-09-29,PG.DCE,3597.2234515182345,3622.247614659231,3566.985921056197,3576.369982234071,98218.0,6759362760.0,3428,23,3430,34,45782.0,PG2011
2020-09-30,PG.DCE,3572.199288377238,3581.583349555112,3489.8280847047918,3560.7298802709483,123212.0,8366094800.0,3410,6,3415,17,40143.0,PG2011
2020-10-09,PG.DCE,3644.143757407603,3737.9843691863393,3624.3329615876473,3711.9175325811348,71260.0,5043782800.0,3559,16,3560,3,36087.0,PG2011
2020-10-12,PG.DCE,3722.344267223217,3883.958654175485,3705.661491795886,3855.8064706418645,128194.0,9322267680.0,3697,95,3698,36,36451.0,PG2011
2020-10-13,PG.DCE,3853.721123713448,3883.958654175485,3817.2275524661613,3842.251715607158,88706.0,6541180440.0,3685,13,3688,7,36184.0,PG2011
2020-10-14,PG.DCE,3856.8491441060723,3921.49489888698,3824.526266715619,3896.4707357459833,116423.0,8668856580.0,3734,5,3737,3,33984.0,PG2011
2020-10-15,PG.DCE,3905.854796923857,4017.420857594133,3874.5745929976115,3968.415204776348,138288.0,10498824960.0,3806,16,3807,30,38601.0,PG2011
2020-10-16,PG.DCE,3945.476388563768,4011.1648168088836,3894.385388817567,3911.068164244898,105591.0,8010133260.0,3750,131,3751,3,31004.0,PG2011
2020-10-19,PG.DCE,3868.3185522123626,3919.4095519585635,3788.0326954683323,3837.038348286117,144416.0,10646347520.0,3678,10,3680,7,24699.0,PG2011
2020-10-20,PG.DCE,3837.038348286117,3887.0866745681096,3816.1848790019535,3850.5931033208235,56347.0,4162916360.0,3690,1,3695,32,23872.0,PG2011
2020-10-21,PG.DCE,3850.5931033208235,3877.7026133902364,3817.2275524661613,3842.251715607158,53511.0,3948041580.0,3685,21,3690,1,21794.0,PG2011
2020-10-22,PG.DCE,3849.550429856615,3922.537572351188,3801.587450503039,3881.873307247069,82897.0,6165878860.0,3723,3,3724,4,18669.0,PG2011
2020-10-23,PG.DCE,3889.172021496526,3948.6044089563925,3847.4650829281986,3882.915980711277,67650.0,5053455000.0,3720,5,3724,1,16448.0,PG2011
2020-10-26,PG.DCE,3908.6374697196984,3943.6186947711512,3833.5307218151083,3861.3099299442033,103659.0,7828327680.0,3751,7,3753,4,43352.0,PG2012
2020-10-27,PG.DCE,3939.503256529804,3939.503256529804,3851.021334340835,3874.685104228582,84305.0,6359969200.0,3764,2,3766,2,42191.0,PG2012
2020-10-28,PG.DCE,3853.079053461508,3906.5797505990245,3787.2320415999498,3830.4441431340974,98380.0,7366694400.0,3723,2,3725,4,42628.0,PG2012
2020-10-29,PG.DCE,3806.78037324635,3889.0891380732983,3777.972305556918,3869.5408064268977,94005.0,7012773000.0,3762,4,3763,8,39078.0,PG2012
2020-10-30,PG.DCE,3826.32870489275,4052.6778081668576,3760.4816930311918,3997.1193919086677,217251.0,16550181180.0,3885,4,3887,1,41980.0,PG2012
2020-11-02,PG.DCE,4007.407987512036,4070.168420692584,3946.7052734521617,4001.2348301500147,131306.0,10233989640.0,3885,1,3888,1,44822.0,PG2012
2020-11-03,PG.DCE,4012.5522853137204,4012.5522853137204,3889.0891380732983,3920.9837844437407,111425.0,8537383500.0,3811,2,3812,35,41039.0,PG2012
2020-11-04,PG.DCE,3930.243520486772,3943.6186947711512,3819.126687970392,3894.2334358749827,124255.0,9376282300.0,3784,30,3785,9,38957.0,PG2012
2020-11-05,PG.DCE,3948.7629925728356,3948.7629925728356,3823.2421262117396,3862.3387895045403,94907.0,7137006400.0,3754,2,3758,1,39792.0,PG2012
2020-11-06,PG.DCE,3862.3387895045403,3890.117997633635,3807.809232806687,3862.3387895045403,81534.0,6098743200.0,3753,1,3754,8,39915.0,PG2012
2020-11-09,PG.DCE,3854.107913021845,3875.713963788919,3671.999770842222,3683.3172260059278,133727.0,9727301980.0,3580,15,3581,81,42197.0,PG2012
2020-11-10,PG.DCE,3714.1830128160336,3771.799148194897,3653.4802987561593,3663.7688943595276,87835.0,6343443700.0,3561,11,3562,2,44888.0,PG2012
2020-11-11,PG.DCE,3665.8266134802016,3703.894417212665,3652.4514391958223,3674.057489962896,65196.0,4662817920.0,3571,1,3572,25,45730.0,PG2012
2020-11-12,PG.DCE,3662.7400347991907,3782.0877437982654,3662.7400347991907,3767.6837099535496,101502.0,7379195400.0,3661,1,3663,33,37027.0,PG2012
2020-11-13,PG.DCE,3755.3373952295074,3782.0877437982654,3611.2970567823486,3623.6433715063904,105240.0,7543603200.0,3522,5,3528,14,41538.0,PG2012
2020-11-16,PG.DCE,3623.6433715063904,3674.057489962896,3603.0661802996533,3669.942051721549,73082.0,5178590520.0,3566,24,3569,7,37623.0,PG2012
2020-11-17,PG.DCE,3669.942051721549,3724.471608419402,3624.6722310667274,3695.66354072997,72987.0,5222949720.0,3592,6,3593,29,32679.0,PG2012
2020-11-18,PG.DCE,3698.750119410981,3740.9333613847916,3631.8742479890852,3725.500467979739,63506.0,4550839960.0,3621,3,3622,66,26146.0,PG2012
2020-11-19,PG.DCE,3754.3085356691704,3757.3951143501813,3655.538017876833,3676.11520908357,45632.0,3277290240.0,3569,16,3572,2,24847.0,PG2012
2020-11-20,PG.DCE,3662.7400347991907,3671.999770842222,3543.392325800116,3567.056095687864,77671.0,5424542640.0,3467,2,3468,6,26533.0,PG2012
2020-11-23,PG.DCE,3577.3446912912323,3657.5957369975063,3555.738640524158,3646.278281833801,49580.0,3485474000.0,3539,1,3547,3,19527.0,PG2012
2020-11-24,PG.DCE,3655.5067701736507,3670.8875840733995,3614.4912664409867,3650.379832207068,57554.0,4086334000.0,3555,3,3558,5,51596.0,PG2101
2020-11-25,PG.DCE,3650.379832207068,3786.7563821181743,3642.176731460535,3763.172467471893,131660.0,9584848000.0,3667,29,3670,10,43753.0,PG2101
2020-11-26,PG.DCE,3761.1216922852595,3821.6195602909384,3734.4616148590285,3758.04552950531,114285.0,8425090200.0,3664,3,3666,4,48817.0,PG2101
2020-11-27,PG.DCE,3771.3755682184255,3824.695723070888,3740.6139404189275,3793.9340952713906,84086.0,6224045720.0,3699,3,3700,10,44050.0,PG2101
2020-11-30,PG.DCE,3798.035645644657,3866.7366143968684,3760.096304691943,3788.807157304808,83232.0,6175814400.0,3695,5,3707,2,42686.0,PG2101
2020-12-01,PG.DCE,3791.8833200847575,3899.549017383,3790.857932491441,3817.5180099176723,100771.0,7547747900.0,3723,11,3724,2,45397.0,PG2101
2020-12-02,PG.DCE,3814.441847137722,3829.822661037471,3736.5123900456615,3819.5687851043053,85058.0,6287487360.0,3719,4,3728,5,41982.0,PG2101
2020-12-03,PG.DCE,3819.5687851043053,3840.0765369706373,3752.9185915387266,3761.1216922852595,69097.0,5111796060.0,3668,3,3669,22,41290.0,PG2101
2020-12-04,PG.DCE,3761.1216922852595,3827.7718858508383,3724.2077389258625,3782.654831744908,74925.0,5511483000.0,3689,19,3690,18,37410.0,PG2101
2020-12-07,PG.DCE,3782.654831744908,4001.062389121342,3779.578668964958,3977.4784744750605,111535.0,8507889800.0,3879,4,3881,3,40785.0,PG2101
2020-12-08,PG.DCE,3977.4784744750605,4018.4939782077245,3948.767621862196,3963.123048168628,68326.0,5307563680.0,3865,1,3868,5,36812.0,PG2101
2020-12-09,PG.DCE,3972.3515365084777,4007.2147146812417,3788.807157304808,3805.2133587978733,90548.0,6916056240.0,3711,1,3724,9,30808.0,PG2101
2020-12-10,PG.DCE,3805.2133587978733,3854.4319632770694,3783.6802193382246,3819.5687851043053,53084.0,3961128080.0,3724,7,3725,1,29065.0,PG2101
2020-12-11,PG.DCE,3830.848048630788,3930.3106451824974,3814.441847137722,3914.9298312827486,64394.0,4864322760.0,3816,10,3818,1,28186.0,PG2101
2020-12-14,PG.DCE,3927.2344824025477,4087.1949469599363,3894.4220794164166,3994.9100635614423,89051.0,6945978000.0,3894,137,3897,13,27096.0,PG2101
2020-12-15,PG.DCE,3999.011613934709,4034.9001797007895,3964.1484357619447,3989.7831255948595,51460.0,4015938400.0,3890,23,3894,21,25211.0,PG2101
2020-12-16,PG.DCE,3987.7323504082265,4021.5701409876738,3933.3868079624467,3957.996110202045,56987.0,4414213020.0,3858,3,3860,4,21778.0,PG2101
2020-12-17,PG.DCE,3967.2245985418945,3982.6054124416432,3879.0412655166674,3936.462970742397,66346.0,5079449760.0,3839,1,3841,3,18659.0,PG2101
2020-12-18,PG.DCE,3919.031381656015,4098.474210486419,3919.031381656015,4051.306381193855,63880.0,5004359200.0,3951,1,3954,12,15888.0,PG2101
2020-12-21,PG.DCE,4051.3063811938546,4210.598918596168,4048.2625747466764,4121.313929478948,102232.0,8309416960.0,4061,4,4062,14,36436.0,PG2102
2020-12-22,PG.DCE,4098.992682199642,4121.313929478948,3966.0798006728724,4007.678488784304,97643.0,7782147100.0,3949,1,3950,25,38055.0,PG2102
2020-12-23,PG.DCE,4027.9705317654903,4064.496209131626,3833.1669191461015,3957.9629834803973,92790.0,7272880200.0,3900,1,3908,2,38413.0,PG2102
2020-12-24,PG.DCE,3972.167413567228,4023.9121231692534,3924.4811125614397,4018.8391124239565,83806.0,6567038160.0,3960,1,3963,23,40695.0,PG2102
2020-12-25,PG.DCE,4007.678488784304,4032.0289403617276,3937.670940499211,4017.824510274897,70741.0,5564487060.0,3960,8,3961,23,41319.0,PG2102
2020-12-28,PG.DCE,4018.8391124239565,4058.40859623727,3882.882424450008,3925.4957147104997,119640.0,9372597600.0,3869,9,3870,2,44460.0,PG2102
2020-12-29,PG.DCE,3926.5103168595588,3957.9629834803973,3777.3638009478386,3784.466015991254,103630.0,7911114200.0,3728,1,3729,2,46477.0,PG2102
2020-12-30,PG.DCE,3789.539026736551,3848.385951381991,3749.9695429232374,3823.0208976555086,70878.0,5321520240.0,3768,17,3769,1,42200.0,PG2102
2020-12-31,PG.DCE,3823.0208976555086,3869.692596512237,3774.3199945006613,3831.137714847983,88456.0,6648352960.0,3773,14,3780,11,40213.0,PG2102
2021-01-04,PG.DCE,3922.4519082633215,3986.3718436540585,3882.882424450008,3951.8753705860418,65790.0,5107935600.0,3888,8,3893,3,36948.0,PG2102
2021-01-05,PG.DCE,3951.8753705860418,4011.7368973805414,3942.7439512445076,4002.6054780390073,62506.0,4909221240.0,3940,3,3945,17,34371.0,PG2102
2021-01-06,PG.DCE,4017.824510274897,4067.540015578804,3979.269628610643,4005.6492844861855,55820.0,4417594800.0,3948,23,3949,2,35834.0,PG2102
2021-01-07,PG.DCE,4002.6054780390073,4087.83205855999,3990.430252250296,4010.722295231482,80727.0,6414567420.0,3953,1,3954,1,35408.0,PG2102
2021-01-08,PG.DCE,4017.824510274897,4031.0143382126685,3885.9262308971856,3999.5616715918295,100105.0,7838221500.0,3941,6,3943,11,32483.0,PG2102
2021-01-11,PG.DCE,4009.707693082423,4022.897521020194,3900.1306609840162,3913.3204889217877,58501.0,4549037760.0,3857,19,3859,2,33099.0,PG2102
2021-01-12,PG.DCE,3906.2182738783727,3971.1528114181688,3841.2837363385756,3961.0067899275755,65559.0,5067710700.0,3902,4,3904,1,29720.0,PG2102
2021-01-13,PG.DCE,3977.2404243125247,4046.233370448558,3938.6855426482703,4023.9121231692534,72377.0,5685937120.0,3966,2,3975,4,28251.0,PG2102
2021-01-14,PG.DCE,4023.9121231692534,4128.416144522363,3968.1090049709906,4046.233370448558,107405.0,8566622800.0,3988,4,3989,2,23703.0,PG2102
2021-01-15,PG.DCE,4031.0143382126685,4079.715241367516,3947.8169619898044,3952.889972735101,77478.0,6165699240.0,3895,2,3896,20,23197.0,PG2102
2021-01-18,PG.DCE,3959.9921877785164,3964.0505963747532,3802.728854674322,3829.108510549864,87510.0,6675262800.0,3771,8,3774,6,25970.0,PG2102
2021-01-19,PG.DCE,3835.19612344422,3870.707198661296,3804.7580589724407,3853.458962127288,52376.0,3961720640.0,3797,30,3799,2,23487.0,PG2102
2021-01-20,PG.DCE,3875.780209406593,3876.7948115556524,3714.4584677061616,3714.4584677061616,71218.0,5335652560.0,3661,17,3669,3,22429.0,PG2102
2021-01-21,PG.DCE,3703.297844066509,3813.8894783139745,3685.0350053834413,3725.619091345814,55051.0,4085885220.0,3672,3,3677,2,20747.0,PG2102
2021-01-22,PG.DCE,3732.721306389229,3762.144768711949,3639.377908675772,3711.4146612589834,48817.0,3556806620.0,3658,1,3659,8,19501.0,PG2102
2021-01-25,PG.DCE,3668.876957405013,3715.668431644381,3629.5295813400894,3649.734990670726,78777.0,5440339620.0,3431,23,3432,4,41913.0,PG2103
2021-01-26,PG.DCE,3647.608105478027,3674.194170386759,3542.3272884394487,3547.644501421195,99325.0,6742181000.0,3336,43,3337,14,54996.0,PG2103
2021-01-27,PG.DCE,3562.5326977700847,3651.8618758634243,3547.644501421195,3617.8317127802475,95684.0,6475893120.0,3402,1,3404,2,52457.0,PG2103
2021-01-28,PG.DCE,3615.704827587549,3617.8317127802475,3482.774503043889,3508.2971253562714,138001.0,9152226320.0,3299,1,3300,3,60742.0,PG2103
2021-01-29,PG.DCE,3511.4874531453193,3554.025156999291,3459.378765924205,3510.4240105489703,124355.0,8202455800.0,3301,8,3302,26,58447.0,PG2103
2021-02-01,PG.DCE,3512.5508957416687,3663.5597444232667,3512.5508957416687,3642.290892496281,125809.0,8544947280.0,3425,137,3426,2,44759.0,PG2103
2021-02-02,PG.DCE,3667.8135148086635,3693.3361371210462,3571.040238540879,3612.514499798501,102082.0,6982408800.0,3397,1,3398,17,47536.0,PG2103
2021-02-03,PG.DCE,3622.0854831656443,3646.544662881678,3538.0735180540514,3580.611221908023,69185.0,4682440800.0,3369,1,3370,79,47142.0,PG2103
2021-02-04,PG.DCE,3593.372533064214,3661.432859230568,3530.6294198796068,3646.544662881678,79816.0,5387580000.0,3429,43,3430,64,41907.0,PG2103
2021-02-05,PG.DCE,3642.290892496281,3717.7953168370796,3639.100564707233,3700.780235295491,101991.0,7049617920.0,3480,25,3481,7,36625.0,PG2103
2021-02-08,PG.DCE,3700.780235295491,3772.030889250893,3659.3059740378694,3709.2877760662855,72684.0,5077704240.0,3488,10,3489,26,31777.0,PG2103
2021-02-09,PG.DCE,3711.414661258984,3768.840561461845,3669.9404000013624,3732.68351318597,66696.0,4664718240.0,3504,4,3510,4,27718.0,PG2103
2021-02-10,PG.DCE,3722.049087222477,3722.049087222477,3465.7594215023005,3471.0766344840467,145641.0,9714254700.0,3264,10,3265,1,36157.0,PG2103
2021-02-18,PG.DCE,3562.5326977700847,3591.2456478715153,3497.6626993927784,3524.2487643015106,47116.0,3134156320.0,3313,12,3314,9,37974.0,PG2103
2021-02-19,PG.DCE,3535.946632861353,3667.8135148086635,3510.4240105489703,3643.35433509263,110117.0,7446111540.0,3424,1,3426,5,29258.0,PG2103
2021-02-22,PG.DCE,3646.544662881678,3715.668431644381,3595.4994182569126,3688.0189241392995,66171.0,4552564800.0,3465,4,3470,56,24227.0,PG2103
2021-02-23,PG.DCE,3658.24253144152,3738.000726167716,3638.0371221108835,3728.4297428005725,55583.0,3861906840.0,3505,6,3506,1,17665.0,PG2103
2021-02-24,PG.DCE,3731.2780466529794,3875.5921085082596,3715.137658156007,3807.232816050495,144890.0,11599893400.0,4009,6,4010,6,38300.0,PG2104
2021-02-25,PG.DCE,3826.2215083998744,3940.1536624961486,3776.850908291489,3865.1483277161014,129737.0,10555402320.0,4071,1,4072,6,36520.0,PG2104
2021-02-26,PG.DCE,3865.1483277161014,3885.0864546829494,3763.5588236469234,3837.614723809502,146496.0,11766558720.0,4040,6,4042,27,31220.0,PG2104
2021-03-01,PG.DCE,3809.1316852854334,3901.2268431799216,3717.0365273909447,3865.1483277161014,92906.0,7451061200.0,4070,1,4073,34,26787.0,PG2104
2021-03-02,PG.DCE,3865.1483277161014,3880.3392815956045,3661.0198849602766,3729.3791774180413,87512.0,6899446080.0,3924,1,3928,14,24014.0,PG2104
2021-03-03,PG.DCE,3748.3678697674204,3805.3339468155573,3729.3791774180413,3786.345254466178,57936.0,4597800960.0,3987,9,3988,1,24651.0,PG2104
2021-03-04,PG.DCE,3788.244123701116,3829.069812252281,3676.21083883978,3685.7051850144694,79861.0,6321796760.0,3881,6,3882,2,25016.0,PG2104
2021-03-05,PG.DCE,3674.311969604842,3806.2833814330265,3657.222146490401,3783.4969506137713,79601.0,6272558800.0,3981,4,3982,4,24910.0,PG2104
2021-03-08,PG.DCE,3795.839600640868,3907.872885502204,3696.148965806628,3710.390485068662,98490.0,7906777200.0,3905,15,3908,8,26341.0,PG2104
2021-03-09,PG.DCE,3680.008577309656,3739.8229582102,3611.649284851891,3686.6546196319387,82848.0,6435632640.0,3883,15,3890,2,25613.0,PG2104
2021-03-10,PG.DCE,3715.137658156007,3774.002604439082,3681.9074465445938,3735.075785122855,78641.0,6176464140.0,3933,1,3936,1,23556.0,PG2104
2021-03-11,PG.DCE,3752.165608237296,3845.2102007492535,3735.075785122855,3839.5135930444394,72496.0,5788080640.0,4043,6,4044,17,25509.0,PG2104
2021-03-12,PG.DCE,3850.9068084540672,3854.704546923943,3769.255431351737,3826.2215083998744,67418.0,5408271960.0,4025,6,4030,2,25039.0,PG2104
2021-03-15,PG.DCE,3826.2215083998744,3973.3838741075615,3790.142992936054,3813.8788583727783,102270.0,8322732600.0,4013,2,4017,3,21658.0,PG2104
2021-03-16,PG.DCE,3792.9912967884607,3864.198893098632,3770.2048659692064,3835.7158545745638,44693.0,3601361940.0,4039,1,4040,6,19985.0,PG2104
2021-03-17,PG.DCE,3845.2102007492535,3878.4404123606664,3801.5362083456816,3818.6260314601227,43435.0,3511285400.0,4022,48,4025,1,18220.0,PG2104
2021-03-18,PG.DCE,3795.839600640868,3888.884193152825,3791.092427553523,3858.5022853938185,41356.0,3353971600.0,4064,8,4065,8,18418.0,PG2104
2021-03-19,PG.DCE,3868.946066185977,3868.946066185977,3755.9633467071717,3806.2833814330265,59711.0,4801958620.0,4009,83,4013,14,14223.0,PG2104
2021-03-22,PG.DCE,3787.2946890836474,3873.6932392733215,3755.013912089703,3870.8449354209147,38189.0,3063521580.0,4075,3,4078,2,13747.0,PG2104
2021-03-23,PG.DCE,3859.4517200112878,3888.884193152825,3807.232816050495,3815.777727607716,26135.0,2116412300.0,4018,1,4019,3,10923.0,PG2104
2021-03-24,PG.DCE,3776.8412201831466,3815.7777276077154,3650.297571053299,3663.9253486518983,79427.0,6079342580.0,3764,2,3766,3,31217.0,PG2105
2021-03-25,PG.DCE,3669.7658247655836,3784.628521668061,3660.0316979094414,3764.186855270162,74076.0,5691999840.0,3867,12,3868,1,30628.0,PG2105
2021-03-26,PG.DCE,3759.3197918420915,3760.2932045277053,3682.4201896785685,3721.3566971031364,47463.0,3620477640.0,3821,2,3823,10,30023.0,PG2105
2021-03-29,PG.DCE,3721.3566971031364,3815.7777276077154,3619.148365113644,3649.324158367685,95207.0,7277623080.0,3748,4,3749,23,32897.0,PG2105
2021-03-30,PG.DCE,3666.845586708741,3742.7717761866493,3650.297571053299,3735.95788738735,54659.0,4146431740.0,3838,1,3839,13,32153.0,PG2105
2021-03-31,PG.DCE,3727.197173216822,3805.070188065959,3712.5959829326084,3783.655108982446,59184.0,4574923200.0,3886,2,3888,26,33881.0,PG2105
2021-04-01,PG.DCE,3783.655108982446,3809.93725149403,3669.7658247655836,3681.446776992954,83069.0,6383021960.0,3780,17,3782,2,24450.0,PG2105
2021-04-02,PG.DCE,3661.0051105950556,3698.96820533401,3650.297571053299,3678.526538936111,53899.0,4070452480.0,3779,26,3782,23,25906.0,PG2105
2021-04-06,PG.DCE,3652.2443964245276,3694.1011419059387,3586.0523338027615,3684.367015049797,60584.0,4529259840.0,3783,4,3788,1,26244.0,PG2105
2021-04-07,PG.DCE,3687.287253106639,3733.0376493305075,3645.430507625228,3720.3832844175226,56271.0,4265341800.0,3821,3,3823,18,24233.0,PG2105
2021-04-08,PG.DCE,3724.2769351599795,3771.974156755076,3691.180903849096,3719.4098717319084,71358.0,5470304280.0,3821,4,3822,1,20369.0,PG2105
2021-04-09,PG.DCE,3719.4098717319084,3731.090823959279,3681.446776992954,3716.4896336750658,48176.0,3668120640.0,3821,3,3823,11,19008.0,PG2105
2021-04-12,PG.DCE,3716.4896336750658,3816.7511402933296,3660.0316979094414,3795.336061209817,75594.0,5813178600.0,3898,16,3900,4,18703.0,PG2105
2021-04-13,PG.DCE,3812.857489550873,3832.3257432631567,3775.867807497533,3809.93725149403,31427.0,2455077240.0,3915,2,3921,9,17928.0,PG2105
2021-04-14,PG.DCE,3818.697965664558,3849.8471716042127,3787.548759724903,3821.6182037214007,39403.0,3088407140.0,3926,1,3928,3,15044.0,PG2105
2021-04-15,PG.DCE,3811.8840768652585,3829.4055052063145,3784.628521668061,3810.9106641796443,26096.0,2040707200.0,3915,6,3916,5,14362.0,PG2105
2021-04-16,PG.DCE,3809.9072648473166,3861.080630796016,3770.774690886546,3822.9514561675733,68366.0,5190346720.0,3810,2,3811,3,42533.0,PG2106
2021-04-19,PG.DCE,3822.9514561675733,3833.988848823175,3732.6455162581033,3791.8460768654227,57003.0,4301446380.0,3778,2,3781,1,40512.0,PG2106
2021-04-20,PG.DCE,3811.9140635119716,3811.9140635119716,3741.67611024905,3761.744096895599,45026.0,3382353120.0,3749,1,3751,15,42909.0,PG2106
2021-04-21,PG.DCE,3752.7135029046517,3767.764492889564,3698.52993895897,3748.699905575342,68525.0,5095519000.0,3737,2,3738,41,45067.0,PG2106
2021-04-22,PG.DCE,3712.577529611554,3717.594526273191,3668.427958989146,3668.427958989146,61570.0,4530320600.0,3656,17,3662,3,50133.0,PG2106
2021-04-23,PG.DCE,3668.427958989146,3694.51634162966,3662.4075629951817,3680.468750977076,40951.0,3004165360.0,3668,1,3670,1,51865.0,PG2106
2021-04-26,PG.DCE,3665.417760992164,3719.601324937846,3647.35657301027,3682.4755496417306,59896.0,4387980960.0,3671,1,3672,5,51930.0,PG2106
2021-04-27,PG.DCE,3678.461952312421,3705.553734285262,3645.349774345615,3693.5129422973323,52852.0,3871937520.0,3679,7,3681,6,51296.0,PG2106
2021-04-28,PG.DCE,3693.5129422973323,3709.5673316145717,3662.4075629951817,3675.4517543154384,44709.0,3278063880.0,3662,13,3664,23,51264.0,PG2106
2021-04-29,PG.DCE,3691.506143632678,3812.917462844299,3670.4347576538016,3810.910664179644,71427.0,5328454200.0,3793,6,3798,4,46242.0,PG2106
2021-04-30,PG.DCE,3849.0398388080866,3971.4545573520354,3792.84947619775,3927.3049867296277,81189.0,6249929220.0,3916,10,3917,3,44143.0,PG2106
2021-05-06,PG.DCE,4003.5633359865137,4107.916866548568,3919.277792071008,4039.685711950302,66005.0,5294921100.0,4006,1,4028,8,42584.0,PG2106
2021-05-07,PG.DCE,4039.685711950302,4079.8216852433993,3987.508946669275,4065.7740945908154,50595.0,4065814200.0,4052,7,4053,1,41259.0,PG2106
2021-05-10,PG.DCE,4065.7740945908154,4194.209209128729,4028.6483192947,4063.767295926161,63108.0,5140777680.0,4050,2,4055,8,37721.0,PG2106
2021-05-11,PG.DCE,4079.8216852433993,4119.957658536498,4023.6313226330626,4072.7978899171076,49961.0,4050837880.0,4053,24,4059,2,36782.0,PG2106
2021-05-12,PG.DCE,4072.7978899171076,4204.243202452003,4045.7061079442665,4173.137823149852,90158.0,7434428680.0,4154,4,4159,1,36611.0,PG2106
2021-05-13,PG.DCE,4176.148021146834,4299.56613902311,4094.8726752283114,4148.052839841666,83942.0,7037697280.0,4133,14,4140,13,30374.0,PG2106
2021-05-14,PG.DCE,4138.018846518392,4168.120826488215,4080.8250845757275,4141.029044515374,55750.0,4579305000.0,4124,1,4134,10,27850.0,PG2106
2021-05-17,PG.DCE,4164.107229158905,4342.712310313191,4156.080034500285,4262.440363726995,91531.0,7787457480.0,4248,8,4252,1,24601.0,PG2106
2021-05-18,PG.DCE,4262.440363726995,4264.44716239165,4134.005249189082,4165.110628491233,61561.0,5136649840.0,4151,17,4154,7,20275.0,PG2106
2021-05-19,PG.DCE,4182.1684171408,4194.209209128729,4063.767295926161,4100.8930712222755,37242.0,3059057880.0,4082,4,4087,1,17458.0,PG2106
2021-05-20,PG.DCE,4101.896470554604,4125.978054530462,4014.6007286421154,4073.8012892494353,49525.0,4019449000.0,4060,1,4066,1,15275.0,PG2106
2021-05-21,PG.DCE,4073.8012892494353,4120.961057868825,4041.6925106149565,4091.862477231329,34856.0,2831004320.0,4078,1,4084,1,13282.0,PG2106
2021-05-24,PG.DCE,4091.862477231329,4226.923952641166,4056.8465391621125,4175.900728597449,113082.0,9406160760.0,4174,31,4175,2,49241.0,PG2107
2021-05-25,PG.DCE,4175.900728597449,4196.91029143898,4113.872495446266,4137.883424408014,63780.0,5302669200.0,4136,4,4139,8,50265.0,PG2107
2021-05-26,PG.DCE,4123.877049180328,4149.888888888889,4021.830601092896,4120.87568306011,75726.0,6217104600.0,4116,3,4119,399,47512.0,PG2107
2021-05-27,PG.DCE,4110.871129326047,4189.907103825136,4091.862477231329,4176.9011839708555,86611.0,7185248560.0,4175,3,4176,2,48380.0,PG2107
2021-05-28,PG.DCE,4131.880692167577,4321.967213114754,4131.880692167577,4307.960837887067,130722.0,11100912240.0,4306,47,4308,7,55049.0,PG2107
2021-05-31,PG.DCE,4307.960837887067,4398.001821493624,4303.959016393443,4393.999999999999,123279.0,10735135320.0,4392,1,4393,1,53580.0,PG2107
2021-06-01,PG.DCE,4402.003642987249,4447.024134790528,4357.983606557376,4434.018214936247,86130.0,7581162600.0,4431,32,4432,18,46142.0,PG2107
2021-06-02,PG.DCE,4457.02868852459,4500.048269581056,4371.989981785064,4386.996812386155,67707.0,6004256760.0,4388,2,4389,2,40943.0,PG2107
2021-06-03,PG.DCE,4386.996812386155,4467.033242258652,4317.965391621129,4419.011384335155,71209.0,6243605120.0,4413,2,4417,4,38113.0,PG2107
2021-06-04,PG.DCE,4387.997267759562,4398.001821493624,4291.9535519125675,4354.982240437158,80098.0,6933282880.0,4351,1,4354,44,32521.0,PG2107
2021-06-07,PG.DCE,4369.989071038251,4414.009107468124,4276.946721311476,4278.947632058287,66479.0,5766388460.0,4277,2,4280,2,28512.0,PG2107
2021-06-08,PG.DCE,4291.9535519125675,4317.965391621129,4246.933060109289,4261.939890710382,39138.0,3353343840.0,4258,5,4261,3,24617.0,PG2107
2021-06-09,PG.DCE,4261.939890710382,4351.98087431694,4248.933970856102,4343.97723132969,45021.0,3871806000.0,4342,6,4345,3,21601.0,PG2107
2021-06-10,PG.DCE,4360.984972677596,4451.025956284153,4360.984972677596,4393.999999999999,41211.0,3632337540.0,4391,2,4392,13,19661.0,PG2107
2021-06-11,PG.DCE,4400.0,4509.0,4400.0,4490.0,63929.0,5703745380.0,4488,2,4495,11,59276.0,PG2108
2021-06-15,PG.DCE,4562.0,4578.0,4447.0,4537.000000000001,51070.0,4604471200.0,4530,3,4537,10,63319.0,PG2108
2021-06-16,PG.DCE,4537.000000000001,4542.0,4477.0,4511.0,62597.0,5646249400.0,4508,21,4511,27,63752.0,PG2108
2021-06-17,PG.DCE,4533.0,4547.0,4421.0,4480.0,77225.0,6913182000.0,4478,11,4480,9,61862.0,PG2108
