time,code,open,high,low,close,vol,amt,bid1,bidvol1,ask1,askvol1,oi,settlement,pre_close,price_adjust_factor
2018-11-28,SP1906,5300,5314,5142,5184,513604.0,26820400880.0,5184,5,5186,18,50756.0,5222,5382.0,1.0
2018-11-29,SP1906,5160,5294,5122,5188,492754.0,25711903720.0,5186,7,5188,138,55416.0,5218,5184.0,1.0
2018-11-30,SP1906,5208,5220,5114,5148,448753.0,23191555040.0,5148,3,5150,381,67419.0,5168,5188.0,1.0
2018-12-03,SP1906,5158,5262,4970,4978,707798.0,35927826480.0,4976,198,4978,110,103967.0,5076,5148.0,1.0
2018-12-04,SP1906,4978,5114,4978,5058,564800.0,28443328000.0,5054,115,5060,272,94006.0,5036,4978.0,1.0
2018-12-05,SP1906,5060,5158,5040,5140,747159.0,38134995360.0,5140,139,5142,7,83246.0,5104,5058.0,1.0
2018-12-06,SP1906,5150,5264,5128,5132,810983.0,42106237360.0,5132,21,5134,164,86279.0,5192,5140.0,1.0
2018-12-07,SP1906,5112,5208,5086,5138,647521.0,33347331500.0,5138,6,5140,148,87746.0,5150,5132.0,1.0
2018-12-10,SP1906,5150,5224,5136,5166,547106.0,28351032920.0,5164,47,5166,491,87446.0,5182,5138.0,1.0
2018-12-11,SP1906,5160,5198,5074,5094,511056.0,26206951680.0,5094,15,5096,2,89463.0,5128,5166.0,1.0
2018-12-12,SP1906,5112,5152,5104,5138,299352.0,15350770560.0,5136,151,5138,139,80384.0,5128,5094.0,1.0
2018-12-13,SP1906,5146,5158,5094,5126,344968.0,17683059680.0,5126,169,5128,139,74358.0,5126,5138.0,1.0
2018-12-14,SP1906,5120,5164,5104,5132,287836.0,14771743520.0,5130,81,5132,130,70668.0,5132,5126.0,1.0
2018-12-17,SP1906,5110,5150,5108,5132,164445.0,8432739600.0,5130,257,5132,169,71341.0,5128,5132.0,1.0
2018-12-18,SP1906,5134,5162,5112,5126,147250.0,7559815000.0,5126,279,5128,1,72427.0,5134,5132.0,1.0
2018-12-19,SP1906,5124,5144,5032,5062,231305.0,11736415700.0,5062,74,5064,17,77452.0,5074,5126.0,1.0
2018-12-20,SP1906,5068,5082,5044,5066,101857.0,5156001340.0,5064,20,5066,189,73647.0,5062,5062.0,1.0
2018-12-21,SP1906,5072,5072,5028,5048,134932.0,6814066000.0,5046,375,5048,2,74368.0,5050,5066.0,1.0
2018-12-24,SP1906,5042,5064,4960,4982,197649.0,9906167880.0,4980,92,4982,22,90488.0,5012,5048.0,1.0
2018-12-25,SP1906,4982,5038,4966,5000,190299.0,9518755980.0,4998,2,5000,101,79976.0,5002,4982.0,1.0
2018-12-26,SP1906,4996,5012,4916,4938,236679.0,11701409760.0,4936,99,4938,119,85902.0,4944,5000.0,1.0
2018-12-27,SP1906,4950,4998,4940,4952,120875.0,6002652500.0,4950,114,4952,68,77630.0,4966,4938.0,1.0
2018-12-28,SP1906,4944,5058,4938,5048,104579.0,5212217360.0,5046,18,5048,3,67833.0,4984,4952.0,1.0
2019-01-02,SP1906,5044,5118,5010,5082,159870.0,8092619400.0,5080,29,5082,47,81279.0,5062,5048.0,1.0
2019-01-03,SP1906,5072,5108,5060,5082,123092.0,6257997280.0,5082,307,5084,131,77591.0,5084,5082.0,1.0
2019-01-04,SP1906,5084,5236,5072,5140,298668.0,15411268800.0,5138,185,5140,5,72931.0,5160,5082.0,1.0
2019-01-07,SP1906,5152,5186,5114,5170,166369.0,8574658260.0,5168,125,5170,71,68652.0,5154,5140.0,1.0
2019-01-08,SP1906,5172,5192,5138,5158,110825.0,5720786500.0,5156,251,5158,122,67611.0,5162,5170.0,1.0
2019-01-09,SP1906,5160,5340,5156,5304,343171.0,18091975120.0,5302,80,5304,20,75911.0,5272,5158.0,1.0
2019-01-10,SP1906,5306,5362,5260,5272,343192.0,18209767520.0,5272,107,5276,206,72951.0,5306,5304.0,1.0
2019-01-11,SP1906,5272,5328,5252,5324,200810.0,10622849000.0,5324,28,5326,6,73019.0,5290,5272.0,1.0
2019-01-14,SP1906,5320,5378,5280,5294,252886.0,13458592920.0,5294,19,5296,20,71080.0,5322,5324.0,1.0
2019-01-15,SP1906,5300,5302,5214,5242,231706.0,12150662640.0,5242,77,5244,108,69952.0,5244,5294.0,1.0
2019-01-16,SP1906,5242,5320,5232,5318,196890.0,10391854200.0,5318,30,5320,14,68805.0,5278,5242.0,1.0
2019-01-17,SP1906,5310,5342,5284,5316,212303.0,11286027480.0,5316,43,5318,12,72833.0,5316,5318.0,1.0
2019-01-18,SP1906,5308,5418,5260,5380,356590.0,19063301400.0,5378,48,5380,65,72998.0,5346,5316.0,1.0
2019-01-21,SP1906,5386,5472,5372,5448,308537.0,16698022440.0,5446,105,5448,14,73295.0,5412,5380.0,1.0
2019-01-22,SP1906,5436,5530,5416,5430,337501.0,18468054720.0,5428,35,5430,270,69612.0,5472,5448.0,1.0
2019-01-23,SP1906,5428,5466,5402,5442,223796.0,12165550560.0,5440,19,5442,39,71139.0,5436,5430.0,1.0
2019-01-24,SP1906,5446,5480,5364,5394,263430.0,14272637400.0,5392,124,5394,3,71580.0,5418,5442.0,1.0
2019-01-25,SP1906,5382,5456,5358,5410,214968.0,11621170080.0,5408,10,5410,25,65114.0,5406,5394.0,1.0
2019-01-28,SP1906,5406,5430,5316,5326,227796.0,12250868880.0,5326,17,5328,23,66343.0,5378,5410.0,1.0
2019-01-29,SP1906,5320,5360,5308,5320,151765.0,8083003900.0,5318,57,5320,106,64019.0,5326,5326.0,1.0
2019-01-30,SP1906,5330,5372,5310,5316,131572.0,7025944800.0,5314,54,5316,6,57607.0,5340,5320.0,1.0
2019-01-31,SP1906,5322,5430,5280,5426,225134.0,12040166320.0,5424,17,5426,46,53328.0,5348,5316.0,1.0
2019-02-01,SP1906,5416,5540,5410,5474,270686.0,14811937920.0,5474,5,5476,1,41584.0,5472,5426.0,1.0
2019-02-11,SP1906,5468,5516,5392,5412,108063.0,5887272240.0,5412,19,5414,19,45303.0,5448,5474.0,1.0
2019-02-12,SP1906,5420,5514,5418,5506,171931.0,9418380180.0,5506,7,5508,166,59693.0,5478,5412.0,1.0
2019-02-13,SP1906,5522,5538,5434,5458,192924.0,10568376720.0,5456,108,5460,90,56046.0,5478,5506.0,1.0
2019-02-14,SP1906,5454,5506,5386,5414,216429.0,11808366240.0,5414,6,5416,312,61315.0,5456,5458.0,1.0
2019-02-15,SP1906,5430,5430,5352,5394,168860.0,9098176800.0,5394,10,5396,52,59192.0,5388,5414.0,1.0
2019-02-18,SP1906,5404,5450,5376,5438,142878.0,7735414920.0,5438,27,5440,136,58270.0,5414,5394.0,1.0
2019-02-19,SP1906,5444,5516,5428,5516,159642.0,8741995920.0,5512,41,5516,162,60422.0,5476,5438.0,1.0
2019-02-20,SP1906,5536,5554,5464,5496,160532.0,8822838720.0,5496,29,5498,179,62538.0,5496,5516.0,1.0
2019-02-21,SP1906,5496,5622,5480,5614,267070.0,14854433400.0,5614,7,5616,26,85343.0,5562,5496.0,1.0
2019-02-22,SP1906,5610,5686,5584,5670,280478.0,15779692280.0,5670,4,5672,89,97257.0,5626,5614.0,1.0
2019-02-25,SP1906,5682,5684,5606,5612,192668.0,10885742000.0,5610,184,5614,134,85290.0,5650,5670.0,1.0
2019-02-26,SP1906,5614,5626,5550,5584,198313.0,11089662960.0,5584,349,5586,3,76462.0,5592,5612.0,1.0
2019-02-27,SP1906,5588,5610,5542,5566,164294.0,9151175800.0,5562,15,5566,206,72100.0,5570,5584.0,1.0
2019-02-28,SP1906,5576,5606,5518,5548,177429.0,9868600980.0,5546,16,5548,180,71608.0,5562,5566.0,1.0
2019-03-01,SP1906,5548,5614,5540,5596,164307.0,9158472180.0,5596,186,5598,128,71048.0,5574,5548.0,1.0
2019-03-04,SP1906,5602,5636,5486,5552,312055.0,17381463500.0,5550,10,5552,53,69590.0,5570,5596.0,1.0
2019-03-05,SP1906,5544,5588,5524,5560,170610.0,9475679400.0,5558,32,5560,14,67666.0,5554,5552.0,1.0
2019-03-06,SP1906,5566,5606,5546,5556,173968.0,9696976320.0,5556,30,5558,25,68531.0,5574,5560.0,1.0
2019-03-07,SP1906,5552,5572,5464,5470,172024.0,9519808160.0,5468,426,5470,101,72223.0,5534,5556.0,1.0
2019-03-08,SP1906,5482,5486,5380,5408,197424.0,10720123200.0,5408,60,5410,9,70239.0,5430,5470.0,1.0
2019-03-11,SP1906,5364,5458,5364,5432,117476.0,6378946800.0,5432,1,5434,14,67167.0,5430,5408.0,1.0
2019-03-12,SP1906,5434,5452,5410,5428,90687.0,4924304100.0,5424,46,5428,295,70201.0,5430,5432.0,1.0
2019-03-13,SP1906,5430,5468,5396,5412,141724.0,7695613200.0,5412,2,5414,101,66043.0,5430,5428.0,1.0
2019-03-14,SP1906,5414,5448,5378,5384,130665.0,7066363200.0,5382,47,5384,6,66645.0,5408,5412.0,1.0
2019-03-15,SP1906,5374,5438,5356,5418,105821.0,5716450420.0,5416,3,5418,385,65156.0,5402,5384.0,1.0
2019-03-18,SP1906,5412,5456,5396,5430,101584.0,5516011200.0,5428,38,5430,126,63970.0,5430,5418.0,1.0
2019-03-19,SP1906,5434,5480,5410,5446,102861.0,5599752840.0,5446,7,5448,39,61020.0,5444,5430.0,1.0
2019-03-20,SP1906,5448,5468,5310,5322,139818.0,7508226600.0,5320,31,5322,4,63675.0,5370,5446.0,1.0
2019-03-21,SP1906,5320,5346,5304,5330,78669.0,4193057700.0,5330,3,5332,85,64558.0,5330,5322.0,1.0
2019-03-22,SP1906,5332,5350,5286,5336,73113.0,3893998380.0,5334,35,5336,16,63944.0,5326,5330.0,1.0
2019-03-25,SP1906,5330,5344,5286,5312,76606.0,4070842840.0,5310,23,5312,58,61372.0,5314,5336.0,1.0
2019-03-26,SP1906,5312,5348,5310,5320,53866.0,2872135120.0,5318,37,5320,2,59742.0,5332,5312.0,1.0
2019-03-27,SP1906,5330,5360,5290,5320,76369.0,4062830800.0,5320,14,5322,112,58755.0,5320,5320.0,1.0
2019-03-28,SP1906,5320,5344,5220,5234,113455.0,5985885800.0,5232,5,5234,34,59226.0,5276,5320.0,1.0
2019-03-29,SP1906,5238,5356,5218,5322,96458.0,5087194920.0,5322,33,5324,13,51685.0,5274,5234.0,1.0
2019-04-01,SP1906,5328,5378,5294,5346,74219.0,3957357080.0,5346,9,5348,281,51445.0,5332,5322.0,1.0
2019-04-02,SP1906,5346,5376,5322,5338,51726.0,2762168400.0,5336,19,5338,4,51077.0,5340,5346.0,1.0
2019-04-03,SP1906,5348,5432,5306,5430,95585.0,5150119800.0,5426,28,5430,7,48239.0,5388,5338.0,1.0
2019-04-04,SP1906,5426,5438,5390,5414,47703.0,2583594480.0,5412,6,5416,3,46865.0,5416,5430.0,1.0
2019-04-08,SP1906,5420,5470,5390,5450,47214.0,2565608760.0,5448,2,5450,100,43320.0,5434,5414.0,1.0
2019-04-09,SP1906,5450,5470,5394,5424,51290.0,2779918000.0,5422,9,5424,67,42001.0,5420,5450.0,1.0
2019-04-10,SP1906,5424,5456,5370,5430,70628.0,3829450160.0,5426,2,5430,83,41993.0,5422,5424.0,1.0
2019-04-11,SP1906,5430,5472,5384,5460,61556.0,3338797440.0,5460,8,5462,16,42755.0,5424,5430.0,1.0
2019-04-12,SP1906,5456,5492,5432,5434,69422.0,3789052760.0,5434,112,5436,1,40801.0,5458,5460.0,1.0
2019-04-15,SP1906,5442,5508,5410,5420,70780.0,3871666000.0,5418,14,5420,4,41662.0,5470,5434.0,1.0
2019-04-16,SP1906,5430,5450,5386,5396,63430.0,3434100200.0,5396,55,5398,16,43361.0,5414,5420.0,1.0
2019-04-17,SP1906,5406,5414,5350,5356,60393.0,3246727680.0,5356,34,5358,4,44820.0,5376,5396.0,1.0
2019-04-18,SP1906,5356,5382,5336,5362,48821.0,2616805600.0,5362,24,5364,9,42371.0,5360,5356.0,1.0
2019-04-19,SP1906,5364,5404,5316,5402,56960.0,3054195200.0,5400,1,5402,103,38565.0,5362,5362.0,1.0
2019-04-22,SP1906,5400,5430,5388,5418,46384.0,2507519040.0,5416,36,5418,106,36910.0,5406,5402.0,1.0
2019-04-23,SP1906,5418,5426,5350,5350,53645.0,2888246800.0,5350,559,5352,6,37834.0,5384,5418.0,1.0
2019-04-24,SP1906,5356,5382,5320,5368,51204.0,2741462160.0,5368,12,5370,490,35031.0,5354,5350.0,1.0
2019-04-25,SP1906,5368,5376,5342,5356,35223.0,1886543880.0,5356,12,5358,7,33732.0,5356,5368.0,1.0
2019-04-26,SP1906,5350,5356,5270,5290,65799.0,3497874840.0,5288,28,5290,8,29996.0,5316,5356.0,1.0
2019-04-29,SP1906,5290,5300,5262,5298,38014.0,2008659760.0,5296,6,5300,71,28833.0,5284,5290.0,1.0
2019-04-30,SP1906,5300,5300,5242,5244,33939.0,1785870180.0,5244,21,5246,28,25852.0,5262,5298.0,1.0
2019-05-06,SP1909,5158,5192,5080,5098,23161.0,1185379980.0,5098,85,5100,53,29531.0,5118,5204.0,1.0076863950807071
2019-05-07,SP1909,5090,5128,5080,5116,21363.0,1091222040.0,5114,5,5116,127,30833.0,5108,5098.0,1.0076863950807071
2019-05-08,SP1909,5110,5134,5104,5112,15349.0,785254840.0,5108,4,5112,19,30778.0,5116,5116.0,1.0076863950807071
2019-05-09,SP1909,5110,5124,5052,5056,36579.0,1857481620.0,5056,2,5060,50,33300.0,5078,5112.0,1.0076863950807071
2019-05-10,SP1909,5058,5094,5054,5080,22348.0,1134384480.0,5078,22,5080,9,34904.0,5076,5056.0,1.0076863950807071
2019-05-13,SP1909,5084,5164,5034,5130,77912.0,3976628480.0,5130,108,5132,93,40553.0,5104,5080.0,1.0076863950807071
2019-05-14,SP1909,5130,5134,4922,5002,108787.0,5476337580.0,5000,5,5002,24,40178.0,5034,5130.0,1.0076863950807071
2019-05-15,SP1909,5008,5018,4954,4996,47907.0,2387684880.0,4994,10,4996,6,41421.0,4984,5002.0,1.0076863950807071
2019-05-16,SP1909,4988,5040,4984,4996,55009.0,2753750540.0,4996,112,4998,3,44771.0,5006,4996.0,1.0076863950807071
2019-05-17,SP1909,4998,5020,4902,4936,103340.0,5142198400.0,4934,109,4936,10,53464.0,4976,4996.0,1.0076863950807071
2019-05-20,SP1909,4944,4984,4916,4940,52713.0,2606130720.0,4938,30,4940,2,56490.0,4944,4936.0,1.0076863950807071
2019-05-21,SP1909,4936,4976,4930,4964,46391.0,2299137960.0,4962,55,4966,63,57075.0,4956,4940.0,1.0076863950807071
2019-05-22,SP1909,4966,4972,4862,4874,75315.0,3703991700.0,4874,56,4876,6,59548.0,4918,4964.0,1.0076863950807071
2019-05-23,SP1909,4880,4904,4822,4880,77144.0,3753827040.0,4878,21,4880,3,61256.0,4866,4874.0,1.0076863950807071
2019-05-24,SP1909,4886,4946,4842,4882,111234.0,5454915360.0,4880,923,4882,200,62727.0,4904,4880.0,1.0076863950807071
2019-05-27,SP1909,4884,4918,4836,4898,85609.0,4179431380.0,4896,36,4898,20,63055.0,4882,4882.0,1.0076863950807071
2019-05-28,SP1909,4850,4940,4830,4900,103562.0,5076609240.0,4900,57,4902,47,68161.0,4902,4898.0,1.0076863950807071
2019-05-29,SP1909,4900,4964,4894,4934,132740.0,6541427200.0,4934,102,4936,14,74059.0,4928,4900.0,1.0076863950807071
2019-05-30,SP1909,4940,4942,4852,4866,111929.0,5486759580.0,4866,9,4868,158,79491.0,4902,4934.0,1.0076863950807071
2019-05-31,SP1909,4876,4890,4834,4844,98210.0,4778898600.0,4844,33,4846,54,83999.0,4866,4866.0,1.0076863950807071
2019-06-03,SP1909,4846,4848,4650,4682,162583.0,7712937520.0,4680,5,4682,16,90863.0,4744,4844.0,1.0076863950807071
2019-06-04,SP1909,4698,4720,4674,4702,79625.0,3740782500.0,4700,9,4704,17,88039.0,4698,4682.0,1.0076863950807071
2019-06-05,SP1909,4702,4708,4638,4644,91658.0,4285928080.0,4642,357,4644,169,98939.0,4676,4702.0,1.0076863950807071
2019-06-06,SP1909,4638,4662,4534,4584,138353.0,6361470940.0,4582,31,4584,24,94199.0,4598,4644.0,1.0076863950807071
2019-06-10,SP1909,4598,4632,4578,4604,61139.0,2813616780.0,4604,26,4606,19,97734.0,4602,4584.0,1.0076863950807071
2019-06-11,SP1909,4598,4668,4592,4656,103437.0,4793270580.0,4654,34,4656,20,95660.0,4634,4604.0,1.0076863950807071
2019-06-12,SP1909,4660,4664,4564,4572,102633.0,4725223320.0,4570,1064,4572,130,104084.0,4604,4656.0,1.0076863950807071
2019-06-13,SP1909,4562,4620,4552,4590,96548.0,4431553200.0,4590,14,4592,40,107567.0,4590,4572.0,1.0076863950807071
2019-06-14,SP1909,4600,4616,4560,4568,79973.0,3669161240.0,4566,1158,4568,91,111661.0,4588,4590.0,1.0076863950807071
2019-06-17,SP1909,4558,4592,4520,4570,102334.0,4668477080.0,4568,21,4570,7,116180.0,4562,4568.0,1.0076863950807071
2019-06-18,SP1909,4562,4606,4536,4562,119591.0,5470092340.0,4562,5,4564,39,125293.0,4574,4570.0,1.0076863950807071
2019-06-19,SP1909,4572,4634,4554,4564,183420.0,8418978000.0,4564,713,4566,176,141082.0,4590,4562.0,1.0076863950807071
2019-06-20,SP1909,4556,4566,4524,4536,159576.0,7254324960.0,4534,11,4536,32,162119.0,4546,4564.0,1.0076863950807071
2019-06-21,SP1909,4522,4548,4472,4524,207413.0,9366771080.0,4524,132,4528,74,167202.0,4516,4536.0,1.0076863950807071
2019-06-24,SP1909,4532,4582,4502,4560,175294.0,7968865240.0,4558,182,4560,59,169478.0,4546,4524.0,1.0076863950807071
2019-06-25,SP1909,4550,4628,4548,4584,244113.0,11199904440.0,4584,6,4586,5,167081.0,4588,4560.0,1.0076863950807071
2019-06-26,SP1909,4588,4596,4534,4558,155856.0,7113267840.0,4556,511,4558,138,171013.0,4564,4584.0,1.0076863950807071
2019-06-27,SP1909,4560,4594,4526,4542,171185.0,7806036000.0,4542,104,4544,5,172555.0,4560,4558.0,1.0076863950807071
2019-06-28,SP1909,4534,4710,4510,4652,431004.0,19895144640.0,4650,8,4652,22,172860.0,4616,4542.0,1.0076863950807071
2019-07-01,SP1909,4658,4740,4630,4712,322811.0,15114011020.0,4712,11,4714,219,171141.0,4682,4652.0,1.0076863950807071
2019-07-02,SP1909,4712,4744,4656,4734,229319.0,10768820240.0,4734,51,4738,81,167163.0,4696,4712.0,1.0076863950807071
2019-07-03,SP1909,4734,4766,4676,4722,277690.0,13101414200.0,4722,17,4724,102,157224.0,4718,4734.0,1.0076863950807071
2019-07-04,SP1909,4730,4878,4712,4808,502278.0,24129435120.0,4806,87,4808,144,152280.0,4804,4722.0,1.0076863950807071
2019-07-05,SP1909,4812,4854,4772,4790,274129.0,13196570060.0,4788,136,4790,5,140901.0,4814,4808.0,1.0076863950807071
2019-07-08,SP1909,4806,4838,4688,4702,276811.0,13187276040.0,4702,126,4706,20,134260.0,4764,4790.0,1.0076863950807071
2019-07-09,SP1909,4706,4720,4528,4534,320902.0,14851344560.0,4534,1,4536,39,126728.0,4628,4702.0,1.0076863950807071
2019-07-10,SP1909,4536,4576,4460,4548,238388.0,10794208640.0,4548,1080,4550,65,130178.0,4528,4534.0,1.0076863950807071
2019-07-11,SP1909,4554,4604,4546,4566,195532.0,8943633680.0,4566,12,4568,49,126557.0,4574,4548.0,1.0076863950807071
2019-07-12,SP1909,4540,4566,4514,4550,188913.0,8572871940.0,4550,6,4552,53,130072.0,4538,4566.0,1.0076863950807071
2019-07-15,SP1909,4542,4582,4538,4564,156666.0,7143969600.0,4562,45,4564,5,130456.0,4560,4550.0,1.0076863950807071
2019-07-16,SP1909,4566,4610,4536,4574,180366.0,8246333520.0,4574,17,4576,13,125915.0,4572,4564.0,1.0076863950807071
2019-07-17,SP1909,4580,4592,4530,4546,144142.0,6569992360.0,4546,128,4548,17,126314.0,4558,4574.0,1.0076863950807071
2019-07-18,SP1909,4546,4558,4472,4522,221332.0,9990926480.0,4522,40,4524,195,129700.0,4514,4546.0,1.0076863950807071
2019-07-19,SP1909,4522,4566,4486,4558,176091.0,7969878660.0,4556,1,4558,136,130545.0,4526,4522.0,1.0076863950807071
2019-07-22,SP1909,4558,4602,4532,4580,208104.0,9506190720.0,4580,166,4582,21,126706.0,4568,4558.0,1.0076863950807071
2019-07-23,SP1909,4588,4674,4574,4618,332478.0,15413680080.0,4616,251,4618,295,122432.0,4636,4580.0,1.0076863950807071
2019-07-24,SP1909,4620,4626,4520,4548,195069.0,8883442260.0,4548,4,4550,16,114826.0,4554,4618.0,1.0076863950807071
2019-07-25,SP1909,4554,4578,4536,4560,119503.0,5442166620.0,4558,104,4560,30,112504.0,4554,4548.0,1.0076863950807071
2019-07-26,SP1909,4564,4586,4538,4542,150932.0,6882499200.0,4542,11,4544,41,111348.0,4560,4560.0,1.0076863950807071
2019-07-29,SP1909,4542,4594,4504,4566,155668.0,7098460800.0,4566,86,4568,20,108836.0,4560,4542.0,1.0076863950807071
2019-07-30,SP1909,4568,4616,4544,4544,197842.0,9061163600.0,4544,490,4546,31,111256.0,4580,4566.0,1.0076863950807071
2019-07-31,SP1909,4542,4576,4516,4570,129075.0,5872912500.0,4568,31,4570,64,98992.0,4550,4544.0,1.0076863950807071
2019-08-01,SP1909,4566,4578,4516,4516,93561.0,4249540620.0,4516,118,4518,6,99899.0,4542,4570.0,1.0076863950807071
2019-08-02,SP1909,4506,4544,4410,4470,140050.0,6288245000.0,4470,9,4472,27,91112.0,4490,4516.0,1.0076863950807071
2019-08-05,SP1909,4476,4494,4436,4446,76779.0,3424343400.0,4444,131,4446,1,86775.0,4460,4470.0,1.0076863950807071
2019-08-06,SP1909,4456,4526,4456,4502,113099.0,5082669060.0,4502,5,4504,55,77902.0,4494,4446.0,1.0076863950807071
2019-08-07,SP1909,4492,4522,4462,4498,71099.0,3192345100.0,4496,25,4500,61,75496.0,4490,4502.0,1.0076863950807071
2019-08-08,SP1909,4494,4552,4484,4528,79785.0,3604686300.0,4520,140,4526,1,68278.0,4518,4498.0,1.0076863950807071
2019-08-09,SP2001,4650,4670,4622,4664,75537.0,3507938280.0,4664,147,4666,31,75152.0,4644,4640.0,0.9833629303718624
2019-08-12,SP2001,4670,4756,4658,4730,172503.0,8135241480.0,4730,34,4732,107,92402.0,4716,4664.0,0.9833629303718624
2019-08-13,SP2001,4724,4756,4688,4728,142542.0,6727982400.0,4728,233,4730,11,101823.0,4720,4730.0,0.9833629303718624
2019-08-14,SP2001,4728,4778,4702,4734,217617.0,10306341120.0,4734,2,4736,79,109085.0,4736,4728.0,0.9833629303718624
2019-08-15,SP2001,4726,4750,4632,4662,179729.0,8425695520.0,4662,8,4664,91,98496.0,4688,4734.0,0.9833629303718624
2019-08-16,SP2001,4660,4698,4646,4680,119580.0,5589169200.0,4676,51,4680,189,99264.0,4674,4662.0,0.9833629303718624
2019-08-19,SP2001,4680,4738,4656,4738,139519.0,6549021860.0,4734,94,4738,150,111577.0,4694,4680.0,0.9833629303718624
2019-08-20,SP2001,4738,4748,4620,4648,223536.0,10479367680.0,4646,10,4648,4,107633.0,4688,4738.0,0.9833629303718624
2019-08-21,SP2001,4650,4674,4610,4664,128515.0,5965666300.0,4662,58,4664,19,99314.0,4642,4648.0,0.9833629303718624
2019-08-22,SP2001,4668,4672,4612,4620,93521.0,4337503980.0,4620,151,4622,79,102623.0,4638,4664.0,0.9833629303718624
2019-08-23,SP2001,4626,4680,4602,4670,110635.0,5133464000.0,4668,105,4670,6,101431.0,4640,4620.0,0.9833629303718624
2019-08-26,SP2001,4658,4794,4636,4786,260935.0,12300475900.0,4784,114,4786,96,130122.0,4714,4670.0,0.9833629303718624
2019-08-27,SP2001,4790,4816,4728,4778,302530.0,14454883400.0,4776,181,4778,29,148704.0,4778,4786.0,0.9833629303718624
2019-08-28,SP2001,4778,4798,4732,4772,218341.0,10406132060.0,4770,60,4772,6,155559.0,4766,4778.0,0.9833629303718624
2019-08-29,SP2001,4768,4802,4742,4756,203313.0,9698030100.0,4756,286,4758,44,156121.0,4770,4772.0,0.9833629303718624
2019-08-30,SP2001,4762,4768,4690,4700,233376.0,11015347200.0,4700,170,4702,22,139738.0,4720,4756.0,0.9833629303718624
2019-09-02,SP2001,4702,4754,4700,4716,160390.0,7583239200.0,4714,156,4716,165,142930.0,4728,4700.0,0.9833629303718624
2019-09-03,SP2001,4712,4746,4670,4742,192473.0,9053929920.0,4740,100,4742,109,135635.0,4704,4716.0,0.9833629303718624
2019-09-04,SP2001,4738,4772,4722,4752,213161.0,10116621060.0,4752,56,4754,37,146681.0,4746,4742.0,0.9833629303718624
2019-09-05,SP2001,4754,4782,4722,4726,225067.0,10704186520.0,4722,487,4726,25,148724.0,4756,4752.0,0.9833629303718624
2019-09-06,SP2001,4728,4774,4706,4726,216285.0,10260560400.0,4724,545,4726,9,148159.0,4744,4726.0,0.9833629303718624
2019-09-09,SP2001,4728,4786,4718,4772,178719.0,8489152500.0,4770,41,4772,59,156849.0,4750,4726.0,0.9833629303718624
2019-09-10,SP2001,4770,4810,4728,4728,329904.0,15729822720.0,4728,165,4730,44,157655.0,4768,4772.0,0.9833629303718624
2019-09-11,SP2001,4732,4744,4700,4710,164330.0,7756376000.0,4708,60,4710,346,157233.0,4720,4728.0,0.9833629303718624
2019-09-12,SP2001,4712,4720,4688,4694,117528.0,5526166560.0,4692,832,4694,188,148984.0,4702,4710.0,0.9833629303718624
2019-09-16,SP2001,4720,4776,4708,4758,156937.0,7451368760.0,4758,25,4760,46,147217.0,4748,4694.0,0.9833629303718624
2019-09-17,SP2001,4764,4866,4756,4824,367338.0,17646917520.0,4820,69,4824,166,170780.0,4804,4758.0,0.9833629303718624
2019-09-18,SP2001,4820,4834,4776,4800,227481.0,10923637620.0,4800,71,4802,66,174866.0,4802,4824.0,0.9833629303718624
2019-09-19,SP2001,4802,4860,4782,4794,407121.0,19639517040.0,4794,32,4796,421,192143.0,4824,4800.0,0.9833629303718624
2019-09-20,SP2001,4800,4810,4738,4760,244773.0,11660985720.0,4758,33,4760,207,172636.0,4764,4794.0,0.9833629303718624
2019-09-23,SP2001,4766,4790,4754,4780,120772.0,5763239840.0,4778,473,4780,46,169448.0,4772,4760.0,0.9833629303718624
2019-09-24,SP2001,4774,4818,4744,4754,234566.0,11216946120.0,4752,148,4754,9,161066.0,4782,4780.0,0.9833629303718624
2019-09-25,SP2001,4760,4764,4720,4748,137641.0,6526936220.0,4746,22,4748,49,158803.0,4742,4754.0,0.9833629303718624
2019-09-26,SP2001,4752,4762,4726,4738,129288.0,6130836960.0,4738,77,4740,307,152830.0,4742,4748.0,0.9833629303718624
2019-09-27,SP2001,4742,4744,4620,4622,213740.0,9994482400.0,4622,18,4624,49,133489.0,4676,4738.0,0.9833629303718624
2019-09-30,SP2001,4624,4676,4622,4652,86929.0,4047414240.0,4652,16,4654,55,123229.0,4656,4622.0,0.9833629303718624
2019-10-08,SP2001,4640,4682,4602,4658,70589.0,3286623840.0,4658,7,4660,76,125772.0,4656,4652.0,0.9833629303718624
2019-10-09,SP2001,4658,4710,4652,4702,109490.0,5128511600.0,4702,31,4704,223,127171.0,4684,4658.0,0.9833629303718624
2019-10-10,SP2001,4702,4706,4674,4686,67116.0,3146398080.0,4686,615,4688,141,126990.0,4688,4702.0,0.9833629303718624
2019-10-11,SP2001,4690,4692,4656,4688,107826.0,5037630720.0,4686,347,4688,153,128616.0,4672,4686.0,0.9833629303718624
2019-10-14,SP2001,4684,4698,4628,4638,141108.0,6581277120.0,4634,83,4638,85,141788.0,4664,4688.0,0.9833629303718624
2019-10-15,SP2001,4636,4656,4612,4646,99381.0,4605315540.0,4646,3,4648,30,136614.0,4634,4638.0,0.9833629303718624
2019-10-16,SP2001,4648,4662,4602,4608,95617.0,4430891780.0,4608,909,4610,8,138611.0,4634,4646.0,0.9833629303718624
2019-10-17,SP2001,4600,4628,4580,4596,97678.0,4495141560.0,4594,83,4596,8,140529.0,4602,4608.0,0.9833629303718624
2019-10-18,SP2001,4598,4618,4588,4616,69094.0,3181087760.0,4614,111,4616,8,135585.0,4604,4596.0,0.9833629303718624
2019-10-21,SP2001,4622,4634,4578,4582,80734.0,3716993360.0,4582,248,4584,88,136732.0,4604,4616.0,0.9833629303718624
2019-10-22,SP2001,4580,4622,4538,4614,150919.0,6909071820.0,4612,95,4616,150,138041.0,4578,4582.0,0.9833629303718624
2019-10-23,SP2001,4616,4642,4590,4632,89965.0,4152784400.0,4630,24,4632,167,134636.0,4616,4614.0,0.9833629303718624
2019-10-24,SP2001,4628,4650,4622,4630,81809.0,3791029060.0,4628,29,4630,53,132996.0,4634,4632.0,0.9833629303718624
2019-10-25,SP2001,4634,4644,4610,4630,59748.0,2762747520.0,4628,32,4630,10,129188.0,4624,4630.0,0.9833629303718624
2019-10-28,SP2001,4630,4656,4596,4600,79671.0,3687173880.0,4598,8,4600,46,128527.0,4628,4630.0,0.9833629303718624
2019-10-29,SP2001,4608,4646,4590,4646,86005.0,3976871200.0,4644,49,4646,177,127818.0,4624,4600.0,0.9833629303718624
2019-10-30,SP2001,4640,4668,4632,4666,92202.0,4287393000.0,4664,158,4666,39,127936.0,4650,4646.0,0.9833629303718624
2019-10-31,SP2001,4660,4674,4640,4646,67820.0,3157699200.0,4644,143,4648,760,124347.0,4656,4666.0,0.9833629303718624
2019-11-01,SP2001,4646,4668,4608,4618,91874.0,4253766200.0,4618,20,4620,70,123670.0,4630,4646.0,0.9833629303718624
2019-11-04,SP2001,4626,4642,4612,4640,58130.0,2690256400.0,4638,64,4640,19,119235.0,4628,4618.0,0.9833629303718624
2019-11-05,SP2001,4636,4664,4628,4656,82722.0,3843264120.0,4654,144,4656,13,118796.0,4646,4640.0,0.9833629303718624
2019-11-06,SP2001,4650,4658,4580,4582,120523.0,5558520760.0,4582,10,4584,13,124652.0,4612,4656.0,0.9833629303718624
2019-11-07,SP2001,4590,4604,4572,4576,72835.0,3341669800.0,4576,1,4578,567,122548.0,4588,4582.0,0.9833629303718624
2019-11-08,SP2001,4580,4612,4566,4588,89595.0,4108826700.0,4586,3,4588,31,117489.0,4586,4576.0,0.9833629303718624
2019-11-11,SP2001,4584,4612,4560,4574,81225.0,3726603000.0,4572,629,4576,59,111174.0,4588,4588.0,0.9833629303718624
2019-11-12,SP2001,4580,4586,4550,4562,98450.0,4495227000.0,4562,5,4564,178,113784.0,4566,4574.0,0.9833629303718624
2019-11-13,SP2001,4564,4596,4560,4562,66104.0,3022274880.0,4562,4,4564,153,114947.0,4572,4562.0,0.9833629303718624
2019-11-14,SP2001,4560,4578,4552,4556,57349.0,2616261380.0,4554,252,4556,28,115470.0,4562,4562.0,0.9833629303718624
2019-11-15,SP2001,4554,4568,4524,4524,110823.0,5033580660.0,4524,1724,4526,2,122359.0,4542,4556.0,0.9833629303718624
2019-11-18,SP2001,4530,4554,4522,4530,82978.0,3763882080.0,4528,21,4530,1041,126475.0,4536,4524.0,0.9833629303718624
2019-11-19,SP2001,4528,4534,4484,4496,121027.0,5448635540.0,4494,13,4496,396,134023.0,4502,4530.0,0.9833629303718624
2019-11-20,SP2001,4500,4520,4476,4478,105563.0,4746112480.0,4476,548,4478,4,132309.0,4496,4496.0,0.9833629303718624
2019-11-21,SP2001,4478,4504,4476,4500,59567.0,2674558300.0,4500,14,4502,227,127500.0,4490,4478.0,0.9833629303718624
2019-11-22,SP2001,4510,4540,4494,4500,88655.0,4000113600.0,4498,57,4500,3,121579.0,4512,4500.0,0.9833629303718624
2019-11-25,SP2001,4502,4522,4496,4520,53623.0,2417324840.0,4520,99,4522,418,116953.0,4508,4500.0,0.9833629303718624
2019-11-26,SP2001,4520,4532,4502,4512,68761.0,3106621980.0,4512,22,4514,10,113176.0,4518,4520.0,0.9833629303718624
2019-11-27,SP2001,4518,4528,4500,4504,74544.0,3360443520.0,4502,431,4506,77,113158.0,4508,4512.0,0.9833629303718624
2019-11-28,SP2001,4504,4520,4460,4484,111170.0,4989309600.0,4484,7,4486,142,116065.0,4488,4504.0,0.9833629303718624
2019-11-29,SP2001,4492,4494,4436,4448,86901.0,3875784600.0,4448,84,4450,3,112682.0,4460,4484.0,0.9833629303718624
2019-12-02,SP2001,4456,4456,4382,4396,116970.0,5158377000.0,4394,94,4396,2,106379.0,4410,4448.0,0.9833629303718624
2019-12-03,SP2001,4398,4422,4392,4408,57489.0,2532965340.0,4408,67,4410,5,102182.0,4406,4396.0,0.9833629303718624
2019-12-04,SP2001,4408,4416,4378,4404,62463.0,2747122740.0,4402,45,4404,96,99966.0,4398,4408.0,0.9833629303718624
2019-12-05,SP2001,4400,4438,4400,4420,63436.0,2798796320.0,4418,15,4420,1,92961.0,4412,4404.0,0.9833629303718624
2019-12-06,SP2001,4410,4426,4406,4412,35767.0,1578755380.0,4410,1,4412,173,90443.0,4414,4420.0,0.9833629303718624
2019-12-09,SP2001,4402,4450,4402,4432,58844.0,2605612320.0,4432,5,4434,40,83808.0,4428,4412.0,0.9833629303718624
2019-12-10,SP2001,4440,4442,4412,4424,34652.0,1533004480.0,4422,3,4424,102,79753.0,4424,4432.0,0.9833629303718624
2019-12-11,SP2001,4428,4458,4420,4440,45765.0,2030135400.0,4440,2,4442,90,73252.0,4436,4424.0,0.9833629303718624
2019-12-12,SP2005,4568,4572,4556,4566,30101.0,1373809640.0,4566,138,4568,69,78610.0,4564,4568.0,0.9558081022003216
2019-12-13,SP2005,4564,4586,4560,4566,49059.0,2241996300.0,4564,308,4566,52,82940.0,4570,4566.0,0.9558081022003216
2019-12-16,SP2005,4558,4570,4536,4552,40167.0,1829205180.0,4552,64,4554,96,86783.0,4554,4566.0,0.9558081022003216
2019-12-17,SP2005,4552,4578,4552,4560,41646.0,1901556360.0,4558,32,4560,3,92426.0,4566,4552.0,0.9558081022003216
2019-12-18,SP2005,4558,4572,4526,4534,79880.0,3632942400.0,4532,68,4534,60,106320.0,4548,4560.0,0.9558081022003216
2019-12-19,SP2005,4530,4550,4528,4546,41920.0,1903168000.0,4544,98,4546,39,104962.0,4540,4534.0,0.9558081022003216
2019-12-20,SP2005,4546,4556,4536,4544,48748.0,2216084080.0,4542,9,4544,194,107413.0,4546,4546.0,0.9558081022003216
2019-12-23,SP2005,4548,4604,4526,4596,156935.0,7184484300.0,4594,89,4596,31,113176.0,4578,4544.0,0.9558081022003216
2019-12-24,SP2005,4596,4608,4582,4594,96419.0,4429488860.0,4592,149,4594,110,120274.0,4594,4596.0,0.9558081022003216
2019-12-25,SP2005,4596,4612,4584,4600,83985.0,3861630300.0,4598,343,4600,21,126887.0,4598,4594.0,0.9558081022003216
2019-12-26,SP2005,4602,4624,4594,4602,78753.0,3630513300.0,4602,111,4604,49,129078.0,4610,4600.0,0.9558081022003216
2019-12-27,SP2005,4600,4624,4590,4612,64550.0,2975755000.0,4610,286,4612,1,127972.0,4610,4602.0,0.9558081022003216
2019-12-30,SP2005,4616,4634,4602,4622,80383.0,3710479280.0,4620,85,4622,14,127397.0,4616,4612.0,0.9558081022003216
2019-12-31,SP2005,4626,4628,4596,4604,73219.0,3376860280.0,4602,11,4604,59,124480.0,4612,4622.0,0.9558081022003216
2020-01-02,SP2005,4606,4632,4606,4610,51535.0,2379886300.0,4610,15,4612,40,124764.0,4618,4604.0,0.9558081022003216
2020-01-03,SP2005,4610,4628,4600,4604,55630.0,2565655600.0,4602,35,4604,139,123234.0,4612,4610.0,0.9558081022003216
2020-01-06,SP2005,4602,4608,4560,4566,87949.0,4028064200.0,4564,5,4566,9,123483.0,4580,4604.0,0.9558081022003216
2020-01-07,SP2005,4566,4588,4562,4582,51299.0,2347442240.0,4580,352,4584,87,124322.0,4576,4566.0,0.9558081022003216
2020-01-08,SP2005,4582,4680,4580,4660,209188.0,9706323200.0,4660,124,4662,63,141106.0,4640,4582.0,0.9558081022003216
2020-01-09,SP2005,4660,4696,4642,4666,117867.0,5499674220.0,4666,51,4668,255,138661.0,4666,4660.0,0.9558081022003216
2020-01-10,SP2005,4672,4692,4644,4652,96828.0,4514121360.0,4650,11,4652,13,142612.0,4662,4666.0,0.9558081022003216
2020-01-13,SP2005,4648,4692,4642,4682,100358.0,4682704280.0,4682,100,4684,54,146486.0,4666,4652.0,0.9558081022003216
2020-01-14,SP2005,4684,4696,4656,4666,83243.0,3885783240.0,4666,6,4668,89,143465.0,4668,4682.0,0.9558081022003216
2020-01-15,SP2005,4670,4676,4652,4664,56772.0,2646710640.0,4662,55,4664,91,138936.0,4662,4666.0,0.9558081022003216
2020-01-16,SP2005,4664,4708,4662,4672,136857.0,6410381880.0,4672,20,4674,16,139696.0,4684,4664.0,0.9558081022003216
2020-01-17,SP2005,4672,4692,4662,4672,59852.0,2798679520.0,4670,141,4672,278,136056.0,4676,4672.0,0.9558081022003216
2020-01-20,SP2005,4680,4740,4666,4738,100041.0,4701927000.0,4738,71,4740,632,141766.0,4700,4672.0,0.9558081022003216
2020-01-21,SP2005,4734,4740,4628,4634,143226.0,6708705840.0,4630,741,4632,3,125547.0,4684,4738.0,0.9558081022003216
2020-01-22,SP2005,4634,4636,4582,4602,115690.0,5324053800.0,4602,30,4604,37,122048.0,4602,4634.0,0.9558081022003216
2020-01-23,SP2005,4602,4604,4522,4564,75460.0,3447012800.0,4562,49,4566,17,115030.0,4568,4602.0,0.9558081022003216
2020-02-03,SP2005,4412,4428,4252,4390,98717.0,4313932900.0,4390,39,4392,2,106085.0,4370,4564.0,0.9558081022003216
2020-02-04,SP2005,4390,4498,4384,4460,84153.0,3744808500.0,4460,55,4462,106,104117.0,4450,4390.0,0.9558081022003216
2020-02-05,SP2005,4444,4494,4442,4462,41436.0,1853846640.0,4462,52,4464,3,103756.0,4474,4460.0,0.9558081022003216
2020-02-06,SP2005,4464,4498,4462,4492,46527.0,2086270680.0,4490,14,4492,26,103333.0,4484,4462.0,0.9558081022003216
2020-02-07,SP2005,4480,4496,4464,4474,32709.0,1465363200.0,4474,1,4476,42,102458.0,4480,4492.0,0.9558081022003216
2020-02-10,SP2005,4464,4474,4438,4464,32907.0,1467652200.0,4464,13,4466,1,101778.0,4460,4474.0,0.9558081022003216
2020-02-11,SP2005,4462,4490,4460,4486,29316.0,1312770480.0,4486,78,4488,46,101498.0,4478,4464.0,0.9558081022003216
2020-02-12,SP2005,4488,4528,4472,4482,69232.0,3115440000.0,4482,53,4484,7,100181.0,4500,4486.0,0.9558081022003216
2020-02-13,SP2005,4484,4506,4472,4488,29806.0,1337693280.0,4486,182,4490,32,99718.0,4488,4482.0,0.9558081022003216
2020-02-14,SP2005,4488,4498,4474,4488,33054.0,1483463520.0,4488,2,4490,190,98278.0,4488,4488.0,0.9558081022003216
2020-02-17,SP2005,4488,4518,4488,4512,44419.0,2002408520.0,4512,33,4514,117,97578.0,4508,4488.0,0.9558081022003216
2020-02-18,SP2005,4510,4538,4496,4518,48396.0,2187499200.0,4518,18,4520,36,96861.0,4520,4512.0,0.9558081022003216
2020-02-19,SP2005,4516,4542,4506,4530,40588.0,1836201120.0,4530,150,4532,2,96423.0,4524,4518.0,0.9558081022003216
2020-02-20,SP2005,4534,4602,4532,4598,61008.0,2780744640.0,4596,5,4598,2,97487.0,4558,4530.0,0.9558081022003216
2020-02-21,SP2005,4598,4630,4586,4606,74000.0,3408440000.0,4606,31,4608,2,98607.0,4606,4598.0,0.9558081022003216
2020-02-24,SP2005,4600,4614,4522,4590,80583.0,3689089740.0,4588,178,4590,5,96434.0,4578,4606.0,0.9558081022003216
2020-02-25,SP2005,4580,4610,4560,4576,70218.0,3218793120.0,4576,14,4578,18,101314.0,4584,4590.0,0.9558081022003216
2020-02-26,SP2005,4566,4582,4538,4542,66149.0,3016394400.0,4542,30,4544,158,97402.0,4560,4576.0,0.9558081022003216
2020-02-27,SP2005,4540,4552,4510,4510,63785.0,2886909100.0,4510,389,4512,58,95039.0,4526,4542.0,0.9558081022003216
2020-02-28,SP2005,4508,4508,4454,4462,81438.0,3646793640.0,4460,668,4462,9,87326.0,4478,4510.0,0.9558081022003216
2020-03-02,SP2005,4462,4526,4462,4492,64375.0,2899450000.0,4492,6,4494,18,87702.0,4504,4462.0,0.9558081022003216
2020-03-03,SP2005,4502,4536,4500,4502,51852.0,2340599280.0,4502,341,4504,11,88577.0,4514,4492.0,0.9558081022003216
2020-03-04,SP2005,4508,4528,4496,4506,38678.0,1743604240.0,4504,143,4506,21,89904.0,4508,4502.0,0.9558081022003216
2020-03-05,SP2005,4504,4526,4498,4514,38754.0,1747805400.0,4514,10,4516,30,91152.0,4510,4506.0,0.9558081022003216
2020-03-06,SP2005,4510,4610,4504,4566,158774.0,7259147280.0,4564,7,4566,68,99715.0,4572,4514.0,0.9558081022003216
2020-03-09,SP2005,4506,4540,4394,4494,118229.0,5308482100.0,4494,189,4496,1,81111.0,4490,4566.0,0.9558081022003216
2020-03-10,SP2005,4500,4576,4500,4558,81031.0,3685289880.0,4556,4,4558,97,82544.0,4548,4494.0,0.9558081022003216
2020-03-11,SP2005,4552,4592,4546,4554,75807.0,3465896040.0,4554,36,4556,137,82398.0,4572,4558.0,0.9558081022003216
2020-03-12,SP2005,4554,4560,4512,4532,60819.0,2755100700.0,4532,257,4534,43,77435.0,4530,4554.0,0.9558081022003216
2020-03-13,SP2005,4518,4528,4470,4508,84262.0,3786734280.0,4508,267,4510,2,70328.0,4494,4532.0,0.9558081022003216
2020-03-16,SP2005,4526,4582,4492,4492,83003.0,3766676140.0,4492,261,4494,124,69697.0,4538,4508.0,0.9558081022003216
2020-03-17,SP2005,4484,4496,4450,4484,54130.0,2423941400.0,4482,10,4486,51,73438.0,4478,4492.0,0.9558081022003216
2020-03-18,SP2005,4484,4530,4482,4492,66818.0,3008146360.0,4492,2,4494,70,72304.0,4502,4484.0,0.9558081022003216
2020-03-19,SP2005,4502,4550,4452,4536,115092.0,5169932640.0,4534,39,4540,33,72561.0,4492,4492.0,0.9558081022003216
2020-03-20,SP2005,4540,4556,4476,4482,85104.0,3836488320.0,4482,110,4484,24,72744.0,4508,4536.0,0.9558081022003216
2020-03-23,SP2005,4476,4482,4434,4442,73343.0,3265230360.0,4440,1568,4442,22,77267.0,4452,4482.0,0.9558081022003216
2020-03-24,SP2005,4480,4508,4452,4486,65141.0,2915711160.0,4486,75,4488,26,72098.0,4476,4442.0,0.9558081022003216
2020-03-25,SP2005,4526,4528,4486,4506,56185.0,2531696100.0,4504,2,4506,227,63659.0,4506,4486.0,0.9558081022003216
2020-03-26,SP2005,4506,4542,4492,4532,71603.0,3239319720.0,4532,1,4534,30,59205.0,4524,4506.0,0.9558081022003216
2020-03-27,SP2005,4542,4638,4532,4582,152095.0,6981160500.0,4582,9,4584,7,55689.0,4590,4532.0,0.9558081022003216
2020-03-30,SP2005,4570,4588,4502,4518,76629.0,3475891440.0,4516,27,4518,34,46452.0,4536,4582.0,0.9558081022003216
2020-03-31,SP2005,4576,4576,4504,4520,58148.0,2637593280.0,4520,5,4522,6,44713.0,4536,4518.0,0.9558081022003216
2020-04-01,SP2005,4538,4544,4480,4494,64928.0,2926954240.0,4494,2,4496,20,42500.0,4508,4520.0,0.9558081022003216
2020-04-02,SP2005,4494,4520,4474,4500,43939.0,1975497440.0,4500,5,4502,1,40020.0,4496,4494.0,0.9558081022003216
2020-04-03,SP2009,4628,4644,4584,4596,60182.0,2771982920.0,4594,31,4596,1,46332.0,4606,4624.0,0.9301765700478909
2020-04-07,SP2009,4606,4674,4606,4658,74619.0,3463813980.0,4658,11,4660,287,46291.0,4642,4596.0,0.9301765700478909
2020-04-08,SP2009,4652,4694,4632,4634,83772.0,3903775200.0,4634,37,4636,40,51921.0,4660,4658.0,0.9301765700478909
2020-04-09,SP2009,4642,4656,4608,4616,64542.0,2984422080.0,4616,22,4618,4,54390.0,4624,4634.0,0.9301765700478909
2020-04-10,SP2009,4626,4636,4594,4610,59240.0,2732148800.0,4610,13,4612,58,57503.0,4612,4616.0,0.9301765700478909
2020-04-13,SP2009,4628,4628,4586,4592,61085.0,2811131700.0,4592,25,4594,21,59563.0,4602,4610.0,0.9301765700478909
2020-04-14,SP2009,4588,4624,4572,4610,52066.0,2396077320.0,4608,25,4610,29,58156.0,4602,4592.0,0.9301765700478909
2020-04-15,SP2009,4608,4620,4594,4600,40734.0,1875393360.0,4598,28,4600,178,59484.0,4604,4610.0,0.9301765700478909
2020-04-16,SP2009,4590,4616,4566,4608,75665.0,3473023500.0,4608,35,4610,164,58351.0,4590,4600.0,0.9301765700478909
2020-04-17,SP2009,4616,4632,4604,4606,58646.0,2707099360.0,4606,9,4608,26,56561.0,4616,4608.0,0.9301765700478909
2020-04-20,SP2009,4600,4608,4560,4574,51633.0,2363758740.0,4572,517,4574,25,66490.0,4578,4606.0,0.9301765700478909
2020-04-21,SP2009,4572,4578,4480,4484,94870.0,4295713600.0,4484,8,4486,2,84188.0,4528,4574.0,0.9301765700478909
2020-04-22,SP2009,4462,4544,4450,4514,80103.0,3606237060.0,4512,187,4514,18,81610.0,4502,4484.0,0.9301765700478909
2020-04-23,SP2009,4512,4532,4492,4510,56246.0,2536694600.0,4506,30,4508,1,83621.0,4510,4514.0,0.9301765700478909
2020-04-24,SP2009,4510,4526,4498,4504,36729.0,1656477900.0,4504,76,4506,50,82788.0,4510,4510.0,0.9301765700478909
2020-04-27,SP2009,4514,4536,4472,4488,89407.0,4016162440.0,4486,10,4488,138,86095.0,4492,4504.0,0.9301765700478909
2020-04-28,SP2009,4488,4514,4480,4494,52384.0,2354136960.0,4494,727,4496,64,82690.0,4494,4488.0,0.9301765700478909
2020-04-29,SP2009,4496,4502,4466,4476,59495.0,2664186100.0,4474,112,4476,76,83948.0,4478,4494.0,0.9301765700478909
2020-04-30,SP2009,4490,4524,4484,4512,42223.0,1903412840.0,4510,62,4516,31,74818.0,4508,4476.0,0.9301765700478909
2020-05-06,SP2009,4500,4520,4452,4468,66355.0,2971376900.0,4468,70,4470,117,85945.0,4478,4512.0,0.9301765700478909
2020-05-07,SP2009,4474,4498,4464,4468,62972.0,2818626720.0,4468,43,4470,21,91022.0,4476,4468.0,0.9301765700478909
2020-05-08,SP2009,4468,4508,4466,4490,80778.0,3625316640.0,4490,23,4492,43,85349.0,4488,4468.0,0.9301765700478909
2020-05-11,SP2009,4484,4492,4458,4478,69562.0,3110812640.0,4478,1,4480,181,92259.0,4472,4490.0,0.9301765700478909
2020-05-12,SP2009,4490,4490,4434,4468,69386.0,3097391040.0,4466,37,4468,4,90009.0,4464,4478.0,0.9301765700478909
2020-05-13,SP2009,4468,4480,4408,4418,91329.0,4053181020.0,4416,13,4418,64,104047.0,4438,4468.0,0.9301765700478909
2020-05-14,SP2009,4416,4422,4370,4406,88069.0,3867990480.0,4406,155,4408,106,109401.0,4392,4418.0,0.9301765700478909
2020-05-15,SP2009,4406,4428,4390,4422,60084.0,2649704400.0,4420,83,4422,23,101768.0,4410,4406.0,0.9301765700478909
2020-05-18,SP2009,4414,4420,4396,4400,46898.0,2066325880.0,4400,2,4402,78,101673.0,4406,4422.0,0.9301765700478909
2020-05-19,SP2009,4412,4440,4404,4418,61222.0,2706012400.0,4418,8,4420,19,100615.0,4420,4400.0,0.9301765700478909
2020-05-20,SP2009,4412,4428,4412,4420,38195.0,1688219000.0,4418,5,4420,131,102021.0,4420,4418.0,0.9301765700478909
2020-05-21,SP2009,4424,4458,4418,4446,77300.0,3430574000.0,4444,6,4446,53,100517.0,4438,4420.0,0.9301765700478909
2020-05-22,SP2009,4446,4450,4376,4382,81436.0,3591327600.0,4382,7,4384,23,102557.0,4410,4446.0,0.9301765700478909
2020-05-25,SP2009,4396,4408,4384,4406,53683.0,2358831020.0,4406,5,4408,295,100578.0,4394,4382.0,0.9301765700478909
2020-05-26,SP2009,4400,4440,4398,4432,67243.0,2974830320.0,4430,39,4432,37,97164.0,4424,4406.0,0.9301765700478909
2020-05-27,SP2009,4434,4440,4422,4432,31877.0,1411513560.0,4432,3,4434,338,95557.0,4428,4432.0,0.9301765700478909
2020-05-28,SP2009,4432,4438,4400,4412,57544.0,2539992160.0,4412,80,4414,264,99536.0,4414,4432.0,0.9301765700478909
2020-05-29,SP2009,4410,4412,4384,4386,52229.0,2294942260.0,4386,11,4388,176,108633.0,4394,4412.0,0.9301765700478909
2020-06-01,SP2009,4386,4450,4378,4438,87259.0,3853357440.0,4436,34,4438,187,99794.0,4416,4386.0,0.9301765700478909
2020-06-02,SP2009,4426,4438,4418,4420,42731.0,1891274060.0,4418,171,4420,1,99918.0,4426,4438.0,0.9301765700478909
2020-06-03,SP2009,4418,4434,4396,4434,55931.0,2474387440.0,4432,18,4434,179,101304.0,4424,4420.0,0.9301765700478909
2020-06-04,SP2009,4430,4466,4420,4454,121923.0,5418258120.0,4452,85,4454,2,107631.0,4444,4434.0,0.9301765700478909
2020-06-05,SP2009,4454,4478,4440,4466,97428.0,4347237360.0,4464,58,4466,269,113047.0,4462,4454.0,0.9301765700478909
2020-06-08,SP2009,4468,4476,4452,4458,59856.0,2669577600.0,4456,55,4458,77,111857.0,4460,4466.0,0.9301765700478909
2020-06-09,SP2009,4458,4482,4444,4458,69474.0,3099929880.0,4458,2,4460,305,111963.0,4462,4458.0,0.9301765700478909
2020-06-10,SP2009,4458,4470,4444,4452,45717.0,2035320840.0,4452,6,4454,66,110841.0,4452,4458.0,0.9301765700478909
2020-06-11,SP2009,4452,4458,4400,4400,83634.0,3703313520.0,4400,844,4402,11,107581.0,4428,4452.0,0.9301765700478909
2020-06-12,SP2009,4394,4416,4388,4396,73689.0,3242316000.0,4396,22,4398,116,107817.0,4400,4400.0,0.9301765700478909
2020-06-15,SP2009,4400,4406,4344,4380,159984.0,6997700160.0,4380,32,4382,197,114298.0,4374,4396.0,0.9301765700478909
2020-06-16,SP2009,4380,4418,4370,4416,77394.0,3399144480.0,4414,74,4416,10,109206.0,4392,4380.0,0.9301765700478909
2020-06-17,SP2009,4416,4422,4396,4404,48647.0,2144359760.0,4404,37,4406,22,109189.0,4408,4416.0,0.9301765700478909
2020-06-18,SP2009,4404,4412,4382,4390,48949.0,2151798040.0,4390,53,4392,229,111506.0,4396,4404.0,0.9301765700478909
2020-06-19,SP2009,4398,4418,4384,4416,54753.0,2410227060.0,4414,1,4416,607,106888.0,4402,4390.0,0.9301765700478909
2020-06-22,SP2009,4420,4434,4390,4394,51507.0,2271458700.0,4394,32,4396,4,106000.0,4410,4416.0,0.9301765700478909
2020-06-23,SP2009,4400,4412,4392,4394,40158.0,1767755160.0,4394,26,4396,12,103436.0,4402,4394.0,0.9301765700478909
2020-06-24,SP2009,4400,4404,4370,4398,67575.0,2965191000.0,4396,103,4398,30,102979.0,4388,4394.0,0.9301765700478909
2020-06-29,SP2009,4396,4420,4384,4392,55257.0,2433518280.0,4392,337,4394,34,100955.0,4404,4398.0,0.9301765700478909
2020-06-30,SP2009,4392,4414,4392,4400,41556.0,1830126240.0,4400,173,4402,30,102179.0,4404,4392.0,0.9301765700478909
2020-07-01,SP2009,4404,4410,4396,4404,28884.0,1271473680.0,4402,8,4404,90,100673.0,4402,4400.0,0.9301765700478909
2020-07-02,SP2009,4402,4418,4402,4418,52495.0,2315029500.0,4414,135,4416,2,104526.0,4410,4404.0,0.9301765700478909
2020-07-03,SP2009,4420,4438,4418,4434,68243.0,3021800040.0,4436,3,4438,254,106794.0,4428,4418.0,0.9301765700478909
2020-07-06,SP2009,4432,4448,4428,4438,48049.0,2130492660.0,4436,125,4438,96,109514.0,4434,4434.0,0.9301765700478909
2020-07-07,SP2009,4440,4444,4412,4416,55756.0,2466645440.0,4416,259,4418,14,107332.0,4424,4438.0,0.9301765700478909
2020-07-08,SP2009,4416,4432,4416,4424,35986.0,1591300920.0,4422,96,4424,8,107378.0,4422,4416.0,0.9301765700478909
2020-07-09,SP2009,4424,4444,4418,4436,58333.0,2584151900.0,4436,49,4438,61,111683.0,4430,4424.0,0.9301765700478909
2020-07-10,SP2009,4438,4440,4390,4392,91433.0,4034023960.0,4390,1394,4392,17,106505.0,4412,4436.0,0.9301765700478909
2020-07-13,SP2009,4394,4408,4378,4394,80215.0,3523042800.0,4394,19,4396,349,113498.0,4392,4392.0,0.9301765700478909
2020-07-14,SP2009,4394,4410,4392,4398,47819.0,2104036000.0,4396,194,4398,12,107351.0,4400,4394.0,0.9301765700478909
2020-07-15,SP2009,4398,4430,4394,4416,73595.0,3249955200.0,4416,259,4418,5,104779.0,4416,4398.0,0.9301765700478909
2020-07-16,SP2009,4414,4428,4394,4394,57566.0,2539811920.0,4394,66,4398,49,101286.0,4412,4416.0,0.9301765700478909
2020-07-17,SP2009,4400,4404,4382,4386,67908.0,2981161200.0,4386,306,4388,90,103992.0,4390,4394.0,0.9301765700478909
2020-07-20,SP2009,4388,4414,4376,4410,69908.0,3074553840.0,4408,4,4410,106,101171.0,4398,4386.0,0.9301765700478909
2020-07-21,SP2009,4410,4430,4406,4428,64310.0,2841215800.0,4426,14,4428,506,100662.0,4418,4410.0,0.9301765700478909
2020-07-22,SP2009,4428,4466,4416,4446,130834.0,5806412920.0,4442,61,4446,86,119495.0,4438,4428.0,0.9301765700478909
2020-07-23,SP2009,4440,4504,4434,4476,186316.0,8324598880.0,4476,3,4478,94,128697.0,4468,4446.0,0.9301765700478909
2020-07-24,SP2009,4474,4502,4458,4480,117133.0,5247558400.0,4478,38,4480,27,126665.0,4480,4476.0,0.9301765700478909
2020-07-27,SP2009,4480,4560,4476,4530,160013.0,7229387340.0,4530,64,4534,20,138676.0,4518,4480.0,0.9301765700478909
2020-07-28,SP2009,4548,4548,4394,4440,162519.0,7284101580.0,4438,420,4440,1,109874.0,4482,4530.0,0.9301765700478909
2020-07-29,SP2009,4448,4462,4422,4438,76045.0,3373356200.0,4438,12,4440,458,99041.0,4436,4440.0,0.9301765700478909
2020-07-30,SP2009,4442,4446,4408,4410,56158.0,2485553080.0,4408,542,4410,77,91436.0,4426,4438.0,0.9301765700478909
2020-07-31,SP2009,4418,4418,4392,4396,70953.0,3124770120.0,4394,19,4396,27,83091.0,4404,4410.0,0.9301765700478909
2020-08-03,SP2009,4404,4406,4380,4390,45347.0,1991640240.0,4388,452,4390,3,79520.0,4392,4396.0,0.9301765700478909
2020-08-04,SP2009,4390,4428,4388,4428,55468.0,2445029440.0,4426,25,4428,381,75259.0,4408,4390.0,0.9301765700478909
2020-08-05,SP2009,4426,4444,4400,4402,51021.0,2256148620.0,4400,449,4402,11,71160.0,4422,4428.0,0.9301765700478909
2020-08-06,SP2009,4410,4416,4396,4410,35692.0,1572589520.0,4408,2,4410,70,67684.0,4406,4402.0,0.9301765700478909
2020-08-07,SP2009,4404,4470,4404,4466,84196.0,3736618480.0,4462,7,4464,2,60207.0,4438,4410.0,0.9301765700478909
2020-08-10,SP2009,4460,4474,4424,4452,54340.0,2415956400.0,4450,101,4454,13,53515.0,4446,4466.0,0.9301765700478909
2020-08-11,SP2009,4454,4486,4438,4466,54161.0,2414497380.0,4462,67,4466,45,48717.0,4458,4452.0,0.9301765700478909
2020-08-12,SP2012,4572,4640,4532,4564,210684.0,9657754560.0,4564,137,4566,71,109008.0,4584,4570.0,0.9090084380380483
2020-08-13,SP2012,4562,4596,4540,4584,84892.0,3881262240.0,4584,28,4586,121,112546.0,4572,4564.0,0.9090084380380483
2020-08-14,SP2012,4584,4612,4554,4572,89288.0,4089390400.0,4570,8,4572,2,110950.0,4580,4584.0,0.9090084380380483
2020-08-17,SP2012,4574,4578,4546,4576,56650.0,2584373000.0,4574,3,4576,2,110918.0,4562,4572.0,0.9090084380380483
2020-08-18,SP2012,4578,4590,4548,4564,63405.0,2893804200.0,4562,20,4564,105,113252.0,4564,4576.0,0.9090084380380483
2020-08-19,SP2012,4564,4572,4548,4552,59232.0,2699794560.0,4550,800,4552,30,115747.0,4558,4564.0,0.9090084380380483
2020-08-20,SP2012,4560,4566,4534,4536,58609.0,2664365140.0,4536,11,4538,191,115845.0,4546,4552.0,0.9090084380380483
2020-08-21,SP2012,4540,4640,4540,4626,186444.0,8565237360.0,4624,49,4626,103,144514.0,4594,4536.0,0.9090084380380483
2020-08-24,SP2012,4618,4674,4606,4646,220817.0,10232659780.0,4646,13,4648,36,160542.0,4634,4626.0,0.9090084380380483
2020-08-25,SP2012,4642,4652,4622,4650,92890.0,4304522600.0,4648,25,4652,349,162679.0,4634,4646.0,0.9090084380380483
2020-08-26,SP2012,4650,4714,4630,4710,162183.0,7567458780.0,4710,1,4712,356,184315.0,4666,4650.0,0.9090084380380483
2020-08-27,SP2012,4706,4788,4676,4746,299103.0,14153553960.0,4744,35,4746,34,190884.0,4732,4710.0,0.9090084380380483
2020-08-28,SP2012,4738,4798,4726,4796,197420.0,9397192000.0,4796,113,4798,374,199433.0,4760,4746.0,0.9090084380380483
2020-08-31,SP2012,4796,4998,4790,4978,523199.0,25699534880.0,4976,15,4978,52,226477.0,4912,4796.0,0.9090084380380483
2020-09-01,SP2012,4980,5020,4912,4936,502283.0,24963465100.0,4936,21,4938,32,229468.0,4970,4978.0,0.9090084380380483
2020-09-02,SP2012,4944,5028,4910,4914,401898.0,19901988960.0,4912,129,4914,70,230730.0,4952,4936.0,0.9090084380380483
2020-09-03,SP2012,4916,4930,4802,4828,441679.0,21483266560.0,4826,41,4828,93,218661.0,4864,4914.0,0.9090084380380483
2020-09-04,SP2012,4832,4892,4764,4854,414604.0,20058541520.0,4852,121,4854,1,207065.0,4838,4828.0,0.9090084380380483
2020-09-07,SP2012,4860,4898,4802,4826,354806.0,17179706520.0,4824,437,4826,14,205742.0,4842,4854.0,0.9090084380380483
2020-09-08,SP2012,4832,4888,4826,4880,247156.0,12001895360.0,4878,70,4880,86,208827.0,4856,4826.0,0.9090084380380483
2020-09-09,SP2012,4856,4872,4708,4764,312965.0,15022320000.0,4764,4,4766,94,181631.0,4800,4880.0,0.9090084380380483
2020-09-10,SP2012,4774,4812,4730,4788,246654.0,11765395800.0,4786,12,4788,49,176753.0,4770,4764.0,0.9090084380380483
2020-09-11,SP2012,4788,4830,4750,4784,232536.0,11129172960.0,4782,136,4784,78,176826.0,4786,4788.0,0.9090084380380483
2020-09-14,SP2012,4786,4850,4742,4848,270408.0,12963359520.0,4848,359,4850,805,187769.0,4794,4784.0,0.9090084380380483
2020-09-15,SP2012,4844,4866,4736,4744,308730.0,14849913000.0,4742,28,4744,149,182355.0,4810,4848.0,0.9090084380380483
2020-09-16,SP2012,4748,4768,4694,4734,245623.0,11617967900.0,4732,51,4734,40,172373.0,4730,4744.0,0.9090084380380483
2020-09-17,SP2012,4742,4754,4688,4698,145012.0,6847466640.0,4698,148,4702,16,172555.0,4722,4734.0,0.9090084380380483
2020-09-18,SP2012,4696,4740,4676,4716,176471.0,8315313520.0,4716,4,4718,48,172326.0,4712,4698.0,0.9090084380380483
2020-09-21,SP2012,4712,4766,4704,4730,190104.0,8995721280.0,4728,58,4730,204,176977.0,4732,4716.0,0.9090084380380483
2020-09-22,SP2012,4730,4732,4646,4684,197308.0,9253745200.0,4684,4,4686,104,169328.0,4690,4730.0,0.9090084380380483
2020-09-23,SP2012,4690,4736,4652,4674,204470.0,9610090000.0,4674,2,4676,77,164742.0,4700,4684.0,0.9090084380380483
2020-09-24,SP2012,4680,4688,4640,4662,133315.0,6220477900.0,4660,155,4662,23,154803.0,4666,4674.0,0.9090084380380483
2020-09-25,SP2012,4660,4718,4648,4698,160778.0,7527625960.0,4694,66,4696,54,142368.0,4682,4662.0,0.9090084380380483
2020-09-28,SP2012,4700,4704,4630,4632,140206.0,6536403720.0,4632,7,4634,212,138877.0,4662,4698.0,0.9090084380380483
2020-09-29,SP2012,4640,4642,4570,4576,137856.0,6338618880.0,4574,12,4576,146,128802.0,4598,4632.0,0.9090084380380483
2020-09-30,SP2012,4576,4588,4542,4576,99191.0,4533028700.0,4572,4,4576,21,113860.0,4570,4576.0,0.9090084380380483
2020-10-09,SP2012,4608,4624,4556,4590,67001.0,3079365960.0,4590,2,4592,24,114529.0,4596,4576.0,0.9090084380380483
2020-10-12,SP2012,4590,4700,4588,4692,136500.0,6344520000.0,4692,2,4694,139,114500.0,4648,4590.0,0.9090084380380483
2020-10-13,SP2012,4694,4734,4672,4704,142291.0,6690522820.0,4702,58,4704,15,113984.0,4702,4692.0,0.9090084380380483
2020-10-14,SP2012,4704,4708,4658,4682,94444.0,4418090320.0,4682,1,4684,52,114752.0,4678,4704.0,0.9090084380380483
2020-10-15,SP2012,4688,4726,4680,4682,130683.0,6142101000.0,4682,325,4684,4,118445.0,4700,4682.0,0.9090084380380483
2020-10-16,SP2012,4676,4752,4656,4746,161457.0,7598166420.0,4744,77,4746,178,123288.0,4706,4682.0,0.9090084380380483
2020-10-19,SP2012,4746,4780,4718,4742,160860.0,7624764000.0,4742,57,4746,72,125460.0,4740,4746.0,0.9090084380380483
2020-10-20,SP2012,4740,4760,4724,4740,74850.0,3546393000.0,4740,136,4742,33,124020.0,4738,4742.0,0.9090084380380483
2020-10-21,SP2012,4742,4754,4690,4706,119440.0,5630401600.0,4706,6,4708,60,123249.0,4714,4740.0,0.9090084380380483
2020-10-22,SP2012,4704,4726,4606,4608,169488.0,7887971520.0,4608,37,4610,75,122081.0,4654,4706.0,0.9090084380380483
2020-10-23,SP2012,4608,4630,4596,4608,85424.0,3943171840.0,4606,78,4608,3,118449.0,4616,4608.0,0.9090084380380483
2020-10-26,SP2012,4608,4626,4584,4604,78254.0,3607509400.0,4604,8,4606,77,115660.0,4610,4608.0,0.9090084380380483
2020-10-27,SP2012,4608,4620,4590,4614,66830.0,3078189800.0,4612,2,4614,93,112447.0,4606,4604.0,0.9090084380380483
2020-10-28,SP2012,4618,4644,4566,4578,120501.0,5545456020.0,4578,16,4580,86,110386.0,4602,4614.0,0.9090084380380483
2020-10-29,SP2012,4568,4588,4562,4574,69915.0,3197912100.0,4574,33,4576,179,106339.0,4574,4578.0,0.9090084380380483
2020-10-30,SP2012,4564,4574,4524,4530,122750.0,5585125000.0,4528,3,4530,14,101144.0,4550,4574.0,0.9090084380380483
2020-11-02,SP2012,4530,4538,4446,4480,143353.0,6427948520.0,4478,38,4482,9,90884.0,4484,4530.0,0.9090084380380483
2020-11-03,SP2012,4490,4560,4484,4528,90584.0,4101643520.0,4526,59,4530,53,76298.0,4528,4480.0,0.9090084380380483
2020-11-04,SP2012,4530,4546,4522,4532,48948.0,2219302320.0,4530,30,4534,72,72717.0,4534,4528.0,0.9090084380380483
2020-11-05,SP2012,4532,4548,4504,4518,86200.0,3903136000.0,4518,8,4520,2,72934.0,4528,4532.0,0.9090084380380483
2020-11-06,SP2012,4528,4660,4512,4644,164780.0,7546924000.0,4640,5,4642,1,60951.0,4580,4518.0,0.9090084380380483
2020-11-09,SP2012,4630,4676,4586,4630,144652.0,6711852800.0,4628,13,4632,22,48466.0,4640,4644.0,0.9090084380380483
2020-11-10,SP2012,4636,4674,4630,4670,58856.0,2736804000.0,4668,16,4670,20,44054.0,4650,4630.0,0.9090084380380483
2020-11-11,SP2012,4670,4708,4652,4664,58049.0,2714371240.0,4662,12,4664,15,42685.0,4676,4670.0,0.9090084380380483
2020-11-12,SP2101,4732,4748,4712,4740,72858.0,3449097720.0,4738,4,4740,215,84943.0,4734,4730.0,0.89632459936775
2020-11-13,SP2101,4734,4794,4728,4782,124179.0,5913403980.0,4780,10,4782,8,97093.0,4762,4740.0,0.89632459936775
2020-11-16,SP2101,4778,4820,4752,4814,99623.0,4767956780.0,4814,111,4816,171,105160.0,4786,4782.0,0.89632459936775
2020-11-17,SP2101,4814,4888,4806,4854,150268.0,7272971200.0,4854,58,4856,87,116617.0,4840,4814.0,0.89632459936775
2020-11-18,SP2101,4854,4962,4778,4802,280311.0,13651145700.0,4800,40,4802,19,129278.0,4870,4854.0,0.89632459936775
2020-11-19,SP2101,4810,4826,4774,4806,123623.0,5936376460.0,4804,1,4806,105,123290.0,4802,4802.0,0.89632459936775
2020-11-20,SP2101,4806,4864,4794,4826,118765.0,5736349500.0,4824,9,4826,26,121543.0,4830,4806.0,0.89632459936775
2020-11-23,SP2101,4818,4872,4796,4842,137779.0,6668503600.0,4840,4,4842,17,115658.0,4840,4826.0,0.89632459936775
2020-11-24,SP2101,4842,4876,4824,4856,107194.0,5194621240.0,4852,53,4856,152,108632.0,4846,4842.0,0.89632459936775
2020-11-25,SP2101,4860,4880,4844,4850,102732.0,4996884480.0,4850,267,4854,56,104441.0,4864,4856.0,0.89632459936775
2020-11-26,SP2101,4864,4904,4836,4884,121265.0,5915306700.0,4884,16,4886,33,103992.0,4878,4850.0,0.89632459936775
2020-11-27,SP2101,4880,4908,4846,4876,100179.0,4878717300.0,4874,18,4876,33,98748.0,4870,4884.0,0.89632459936775
2020-11-30,SP2101,4888,4918,4794,4800,158227.0,7683503120.0,4798,32,4802,92,85820.0,4856,4876.0,0.89632459936775
2020-12-01,SP2101,4800,4850,4782,4846,82502.0,3973296320.0,4846,19,4850,266,73252.0,4816,4800.0,0.89632459936775
2020-12-02,SP2101,4846,4896,4832,4876,102582.0,4995743400.0,4876,2,4878,51,64159.0,4870,4846.0,0.89632459936775
2020-12-03,SP2101,4872,4908,4862,4896,75436.0,3681276800.0,4896,82,4898,1,60436.0,4880,4876.0,0.89632459936775
2020-12-04,SP2101,4908,4924,4862,4896,60958.0,2984503680.0,4894,17,4896,8,57689.0,4896,4896.0,0.89632459936775
2020-12-07,SP2101,4894,5106,4888,5026,118609.0,5932822180.0,5020,30,5026,7,50996.0,5002,4896.0,0.89632459936775
2020-12-08,SP2103,5092,5142,5064,5134,115548.0,5902191840.0,5134,9,5138,34,133138.0,5108,5100.0,0.8833191051808453
2020-12-09,SP2103,5128,5220,5100,5176,203741.0,10529334880.0,5176,23,5178,34,145143.0,5168,5134.0,0.8833191051808453
2020-12-10,SP2103,5176,5256,5146,5210,168821.0,8771939160.0,5210,35,5212,31,148823.0,5196,5176.0,0.8833191051808453
2020-12-11,SP2103,5206,5240,5160,5240,175256.0,9106301760.0,5236,23,5240,203,152518.0,5196,5210.0,0.8833191051808453
2020-12-14,SP2103,5244,5298,5182,5200,165450.0,8653035000.0,5198,45,5200,2,153100.0,5230,5240.0,0.8833191051808453
2020-12-15,SP2103,5202,5226,5168,5210,101044.0,5254288000.0,5208,17,5210,67,152306.0,5200,5200.0,0.8833191051808453
2020-12-16,SP2103,5214,5246,5154,5184,178023.0,9267877380.0,5182,29,5184,20,154694.0,5206,5210.0,0.8833191051808453
2020-12-17,SP2103,5192,5228,5182,5196,87959.0,4575627180.0,5194,4,5196,53,150364.0,5202,5184.0,0.8833191051808453
2020-12-18,SP2103,5196,5296,5182,5268,171430.0,8982932000.0,5264,3,5268,38,154357.0,5240,5196.0,0.8833191051808453
2020-12-21,SP2103,5276,5344,5246,5312,158065.0,8361638500.0,5310,171,5312,1,154588.0,5290,5268.0,0.8833191051808453
2020-12-22,SP2103,5312,5370,5236,5266,176070.0,9300017400.0,5264,5,5266,7,137083.0,5282,5312.0,0.8833191051808453
2020-12-23,SP2103,5268,5440,5268,5410,288566.0,15507536840.0,5410,205,5412,10,161805.0,5374,5266.0,0.8833191051808453
2020-12-24,SP2103,5410,5432,5362,5396,159855.0,8622578700.0,5394,28,5396,9,145594.0,5394,5410.0,0.8833191051808453
2020-12-25,SP2103,5402,5644,5400,5572,327927.0,18134363100.0,5570,133,5572,68,157978.0,5530,5396.0,0.8833191051808453
2020-12-28,SP2103,5570,5598,5500,5530,187308.0,10410578640.0,5530,62,5534,31,148620.0,5558,5572.0,0.8833191051808453
2020-12-29,SP2103,5530,5692,5450,5472,411232.0,22905622400.0,5470,72,5472,7,148564.0,5570,5530.0,0.8833191051808453
2020-12-30,SP2103,5484,5600,5450,5584,269754.0,14906606040.0,5584,125,5586,78,146644.0,5526,5472.0,0.8833191051808453
2020-12-31,SP2103,5586,5748,5586,5746,403465.0,22989435700.0,5746,175,5748,138,155921.0,5698,5584.0,0.8833191051808453
2021-01-04,SP2103,5750,5788,5686,5738,185935.0,10672669000.0,5738,2,5740,99,150171.0,5740,5746.0,0.8833191051808453
2021-01-05,SP2103,5742,5952,5724,5888,385690.0,22586006400.0,5888,4,5890,4,158990.0,5856,5738.0,0.8833191051808453
2021-01-06,SP2103,5898,5960,5872,5950,306781.0,18179842060.0,5948,69,5950,88,160574.0,5926,5888.0,0.8833191051808453
2021-01-07,SP2103,5966,6136,5962,6132,384821.0,23297063340.0,6130,34,6132,13,166710.0,6054,5950.0,0.8833191051808453
2021-01-08,SP2103,6130,6356,6002,6100,764976.0,47122521600.0,6100,56,6102,137,155413.0,6160,6132.0,0.8833191051808453
2021-01-11,SP2103,6116,6248,5914,5958,644710.0,39301521600.0,5954,66,5958,31,137414.0,6096,6100.0,0.8833191051808453
2021-01-12,SP2103,5958,6232,5896,6226,518402.0,31352952960.0,6226,94,6228,18,156125.0,6048,5958.0,0.8833191051808453
2021-01-13,SP2103,6220,6308,6132,6160,637896.0,39677131200.0,6158,16,6160,2,153912.0,6220,6226.0,0.8833191051808453
2021-01-14,SP2103,6184,6274,6082,6164,512629.0,31608704140.0,6164,6,6166,34,145570.0,6166,6160.0,0.8833191051808453
2021-01-15,SP2103,6150,6336,6150,6300,518179.0,32406914660.0,6298,80,6300,54,151969.0,6254,6164.0,0.8833191051808453
2021-01-18,SP2103,6300,6446,6258,6438,524122.0,33355124080.0,6436,100,6438,1,179816.0,6364,6300.0,0.8833191051808453
2021-01-19,SP2103,6430,6438,6202,6220,562348.0,35416677040.0,6218,89,6220,9,147449.0,6298,6438.0,0.8833191051808453
2021-01-20,SP2103,6236,6294,6208,6248,356245.0,22258187600.0,6248,20,6250,10,141996.0,6248,6220.0,0.8833191051808453
2021-01-21,SP2103,6252,6326,6180,6310,442351.0,27691172600.0,6310,4,6312,106,138964.0,6260,6248.0,0.8833191051808453
2021-01-22,SP2103,6310,6336,6242,6288,322279.0,20245566780.0,6286,72,6288,14,139004.0,6282,6310.0,0.8833191051808453
2021-01-25,SP2103,6280,6418,6232,6368,517046.0,32791057320.0,6368,4,6370,169,156073.0,6342,6288.0,0.8833191051808453
2021-01-26,SP2103,6366,6530,6350,6504,524952.0,33911899200.0,6500,138,6502,1,178552.0,6460,6368.0,0.8833191051808453
2021-01-27,SP2103,6502,6596,6480,6588,530561.0,34688078180.0,6588,20,6590,164,186218.0,6538,6504.0,0.8833191051808453
2021-01-28,SP2103,6586,6616,6472,6522,570524.0,37243806720.0,6522,91,6524,1,162630.0,6528,6588.0,0.8833191051808453
2021-01-29,SP2103,6526,6746,6524,6702,636244.0,42322950880.0,6700,171,6702,5,176334.0,6652,6522.0,0.8833191051808453
2021-02-01,SP2103,6700,6778,6622,6712,460826.0,30875342000.0,6712,19,6716,145,150303.0,6700,6702.0,0.8833191051808453
2021-02-02,SP2103,6720,6738,6636,6712,354679.0,23699650780.0,6710,66,6712,28,149209.0,6682,6712.0,0.8833191051808453
2021-02-03,SP2103,6710,6756,6396,6448,605296.0,39767947200.0,6448,20,6454,177,115489.0,6570,6712.0,0.8833191051808453
2021-02-04,SP2103,6448,6598,6426,6586,379772.0,24677584560.0,6584,175,6586,223,103225.0,6498,6448.0,0.8833191051808453
2021-02-05,SP2103,6580,6640,6534,6624,291373.0,19224790540.0,6622,115,6624,8,97673.0,6598,6586.0,0.8833191051808453
2021-02-08,SP2105,6576,6632,6456,6626,445723.0,29150284200.0,6624,9,6628,127,165074.0,6540,6560.0,0.8919368525484633
2021-02-09,SP2105,6608,6786,6588,6726,458768.0,30664053120.0,6724,2,6726,34,175647.0,6684,6626.0,0.8919368525484633
2021-02-10,SP2105,6724,6836,6684,6810,343069.0,23177741640.0,6808,5,6810,18,175726.0,6756,6726.0,0.8919368525484633
2021-02-18,SP2105,6880,6916,6728,6820,236201.0,16113632220.0,6818,31,6820,173,182822.0,6822,6810.0,0.8919368525484633
2021-02-19,SP2105,6820,7002,6802,6972,440742.0,30534605760.0,6972,2,6974,30,212270.0,6928,6820.0,0.8919368525484633
2021-02-22,SP2105,6972,7034,6870,6942,473848.0,32875574240.0,6940,8,6942,37,209033.0,6938,6972.0,0.8919368525484633
2021-02-23,SP2105,6942,7340,6878,7234,746617.0,53338318480.0,7232,7,7234,6,218380.0,7144,6942.0,0.8919368525484633
2021-02-24,SP2105,7234,7310,7196,7286,480476.0,34863338560.0,7284,18,7286,23,222281.0,7256,7234.0,0.8919368525484633
2021-02-25,SP2105,7304,7536,7220,7476,559215.0,41214145500.0,7474,11,7476,140,213969.0,7370,7286.0,0.8919368525484633
2021-02-26,SP2105,7470,7526,7338,7466,524674.0,38993771680.0,7466,3,7468,88,214787.0,7432,7476.0,0.8919368525484633
2021-03-01,SP2105,7448,7652,7396,7488,645364.0,48466836400.0,7488,61,7490,71,212949.0,7510,7466.0,0.8919368525484633
2021-03-02,SP2105,7496,7510,7094,7256,845862.0,61663339800.0,7250,45,7258,2,193343.0,7290,7488.0,0.8919368525484633
2021-03-03,SP2105,7288,7608,7286,7410,1001696.0,74706487680.0,7410,293,7414,54,192378.0,7458,7256.0,0.8919368525484633
2021-03-04,SP2105,7438,7446,7322,7352,625218.0,46103575320.0,7352,10,7354,7,185745.0,7374,7410.0,0.8919368525484633
2021-03-05,SP2105,7332,7352,7114,7286,753854.0,54579029600.0,7284,50,7288,67,179888.0,7240,7352.0,0.8919368525484633
2021-03-08,SP2105,7312,7440,7128,7232,758728.0,54977430880.0,7230,4,7232,30,181793.0,7246,7286.0,0.8919368525484633
2021-03-09,SP2105,7228,7396,7104,7218,806610.0,58656679200.0,7216,3,7220,13,180621.0,7272,7232.0,0.8919368525484633
2021-03-10,SP2105,7250,7382,7160,7236,866514.0,62822265000.0,7236,6,7240,33,186828.0,7250,7218.0,0.8919368525484633
2021-03-11,SP2105,7268,7336,7140,7260,826726.0,59673082680.0,7258,32,7260,92,194430.0,7218,7236.0,0.8919368525484633
2021-03-12,SP2105,7286,7368,7218,7312,684789.0,49893726540.0,7312,35,7314,34,192582.0,7286,7260.0,0.8919368525484633
2021-03-15,SP2105,7318,7406,7178,7240,751654.0,54705378120.0,7238,1,7240,80,194525.0,7278,7312.0,0.8919368525484633
2021-03-16,SP2105,7250,7266,7006,7144,922894.0,65783884320.0,7142,178,7144,1,209606.0,7128,7240.0,0.8919368525484633
2021-03-17,SP2105,7144,7250,7128,7248,520382.0,37384242880.0,7246,35,7248,72,211852.0,7184,7144.0,0.8919368525484633
2021-03-18,SP2105,7230,7348,7220,7338,526142.0,38334706120.0,7338,22,7342,87,218241.0,7286,7248.0,0.8919368525484633
2021-03-19,SP2105,7314,7320,7024,7058,737639.0,52829705180.0,7058,12,7060,74,201944.0,7162,7338.0,0.8919368525484633
2021-03-22,SP2105,7068,7260,7020,7234,698621.0,49895511820.0,7232,11,7234,4,188788.0,7142,7058.0,0.8919368525484633
2021-03-23,SP2105,7232,7248,7140,7180,497989.0,35795449320.0,7178,10,7180,6,177925.0,7188,7234.0,0.8919368525484633
2021-03-24,SP2105,7148,7208,7034,7178,636688.0,45421321920.0,7176,157,7180,69,169498.0,7134,7180.0,0.8919368525484633
2021-03-25,SP2105,7184,7216,7050,7052,482881.0,34390784820.0,7050,2603,7052,42,175192.0,7122,7178.0,0.8919368525484633
2021-03-26,SP2105,7040,7086,6826,7076,685697.0,47834222720.0,7076,12,7080,58,160980.0,6976,7052.0,0.8919368525484633
2021-03-29,SP2105,7076,7120,7010,7014,511540.0,36053339200.0,7012,62,7014,45,163161.0,7048,7076.0,0.8919368525484633
2021-03-30,SP2105,7020,7022,6730,6798,703736.0,48304439040.0,6798,73,6800,52,160282.0,6864,7014.0,0.8919368525484633
2021-03-31,SP2105,6780,6846,6590,6630,615687.0,41608127460.0,6626,18,6630,8,150900.0,6758,6798.0,0.8919368525484633
2021-04-01,SP2105,6630,7004,6626,6984,532234.0,36298358800.0,6984,9,6986,42,131754.0,6820,6630.0,0.8919368525484633
2021-04-02,SP2105,6998,7228,6944,7106,733096.0,51932520640.0,7104,86,7106,1,104633.0,7084,6984.0,0.8919368525484633
2021-04-06,SP2105,6988,7284,6988,7212,298908.0,21455616240.0,7210,63,7212,7,101306.0,7178,7106.0,0.8919368525484633
2021-04-07,SP2105,7210,7286,7178,7254,315225.0,22841203500.0,7254,27,7256,76,103926.0,7246,7212.0,0.8919368525484633
2021-04-08,SP2105,7254,7276,7194,7224,218277.0,15790158180.0,7224,64,7226,2,100527.0,7234,7254.0,0.8919368525484633
2021-04-09,SP2105,7250,7262,7126,7154,311004.0,22292766720.0,7152,26,7154,12,92916.0,7168,7224.0,0.8919368525484633
2021-04-12,SP2105,7160,7200,7000,7034,278878.0,19778027760.0,7032,21,7034,49,84474.0,7092,7154.0,0.8919368525484633
2021-04-13,SP2105,7058,7428,7022,7354,371443.0,26966761800.0,7354,14,7356,72,93359.0,7260,7034.0,0.8919368525484633
2021-04-14,SP2105,7354,7382,7298,7328,170649.0,12525636600.0,7326,15,7332,11,82129.0,7340,7354.0,0.8919368525484633
2021-04-15,SP2106,7200,7204,7038,7104,438528.0,31196881920.0,7102,51,7106,38,169842.0,7114,7234.0,0.9035268531206994
2021-04-16,SP2106,7112,7308,7112,7272,438744.0,31686091680.0,7270,14,7274,2,183184.0,7222,7104.0,0.9035268531206994
2021-04-19,SP2106,7272,7414,7210,7334,456004.0,33324772320.0,7332,7,7334,2,190703.0,7308,7272.0,0.9035268531206994
2021-04-20,SP2106,7334,7348,7254,7326,273626.0,19963752960.0,7320,412,7326,19,189979.0,7296,7334.0,0.9035268531206994
2021-04-21,SP2106,7310,7316,7128,7196,377219.0,27220123040.0,7196,73,7198,79,176138.0,7216,7326.0,0.9035268531206994
2021-04-22,SP2106,7186,7222,7080,7136,376036.0,26848970400.0,7134,72,7138,16,176975.0,7140,7196.0,0.9035268531206994
2021-04-23,SP2106,7136,7164,7070,7122,340507.0,24223667980.0,7120,1,7122,27,171058.0,7114,7136.0,0.9035268531206994
2021-04-26,SP2106,7118,7240,7092,7224,384469.0,27574116680.0,7222,18,7224,1,167233.0,7172,7122.0,0.9035268531206994
2021-04-27,SP2106,7248,7248,7164,7196,271142.0,19533069680.0,7192,58,7196,54,157167.0,7204,7224.0,0.9035268531206994
2021-04-28,SP2106,7196,7276,7186,7220,285531.0,20643891300.0,7214,37,7220,26,145254.0,7230,7196.0,0.9035268531206994
2021-04-29,SP2106,7206,7244,7096,7146,275779.0,19784385460.0,7144,4,7146,35,132707.0,7174,7220.0,0.9035268531206994
2021-04-30,SP2106,7180,7192,7094,7140,268494.0,19186581240.0,7130,32,7136,1,111863.0,7146,7146.0,0.9035268531206994
2021-05-06,SP2106,7140,7286,6994,7230,345748.0,24617257600.0,7224,11,7230,1,103697.0,7120,7140.0,0.9035268531206994
2021-05-07,SP2106,7178,7412,7178,7384,436807.0,32070369940.0,7382,21,7384,80,111753.0,7342,7230.0,0.9035268531206994
2021-05-10,SP2106,7384,7500,7302,7384,314863.0,23280970220.0,7382,12,7384,27,106388.0,7394,7384.0,0.9035268531206994
2021-05-11,SP2106,7384,7388,7256,7332,257102.0,18855860680.0,7326,2,7332,20,96569.0,7334,7384.0,0.9035268531206994
2021-05-12,SP2106,7332,7364,7270,7328,186916.0,13682251200.0,7328,1,7332,11,88610.0,7320,7332.0,0.9035268531206994
2021-05-13,SP2106,7320,7336,7146,7222,315159.0,22849027500.0,7220,78,7222,20,71720.0,7250,7328.0,0.9035268531206994
2021-05-14,SP2106,7222,7284,6948,7022,292620.0,20793577200.0,7020,75,7022,140,61638.0,7106,7222.0,0.9035268531206994
2021-05-17,SP2106,7022,7142,7006,7042,164572.0,11635240400.0,7040,25,7042,3,57672.0,7070,7022.0,0.9035268531206994
2021-05-18,SP2106,7042,7084,6972,7058,116368.0,8185325120.0,7056,14,7058,5,52486.0,7034,7042.0,0.9035268531206994
2021-05-19,SP2106,7042,7078,6950,7016,129808.0,9102136960.0,7016,10,7018,9,49280.0,7012,7058.0,0.9035268531206994
2021-05-20,SP2106,7008,7038,6806,6954,180016.0,12467908160.0,6954,2,6962,1,45196.0,6926,7016.0,0.9035268531206994
2021-05-21,SP2107,6830,6850,6710,6738,235635.0,15957202200.0,6738,1,6740,140,137511.0,6772,6850.0,0.9172446330804882
2021-05-24,SP2107,6738,6782,6530,6602,397357.0,26479870480.0,6602,61,6604,22,138637.0,6664,6738.0,0.9172446330804882
2021-05-25,SP2107,6602,6642,6442,6468,351708.0,22987634880.0,6468,8,6474,6,142776.0,6536,6602.0,0.9172446330804882
2021-05-26,SP2107,6468,6516,6280,6294,367464.0,23539743840.0,6294,2,6296,4,139547.0,6406,6468.0,0.9172446330804882
2021-05-27,SP2107,6300,6360,6020,6020,445416.0,27589067040.0,0,0,6020,15863,145674.0,6194,6294.0,0.9172446330804882
2021-05-28,SP2107,5930,6300,5920,6248,707276.0,43554056080.0,6248,11,6252,3,114285.0,6158,6020.0,0.9172446330804882
2021-05-31,SP2107,6228,6308,6180,6276,334601.0,20919254520.0,6276,28,6278,45,110860.0,6252,6248.0,0.9172446330804882
2021-06-01,SP2107,6260,6286,6166,6208,272544.0,16974040320.0,6208,38,6210,87,110074.0,6228,6276.0,0.9172446330804882
2021-06-02,SP2107,6246,6252,6042,6168,440168.0,27096742080.0,6166,103,6168,3,105891.0,6156,6208.0,0.9172446330804882
2021-06-03,SP2107,6198,6198,6030,6038,331507.0,20221927000.0,6036,14,6038,12,116879.0,6100,6168.0,0.9172446330804882
2021-06-04,SP2107,6000,6256,5990,6232,395738.0,24314142720.0,6230,19,6232,28,99407.0,6144,6038.0,0.9172446330804882
2021-06-07,SP2107,6230,6288,6176,6234,264407.0,16477844240.0,6234,4,6236,8,94684.0,6232,6232.0,0.9172446330804882
2021-06-08,SP2107,6234,6256,6094,6116,283316.0,17520261440.0,6116,41,6118,9,89621.0,6184,6234.0,0.9172446330804882
2021-06-09,SP2107,6118,6198,5982,6074,319400.0,19413132000.0,6076,127,6078,6,81830.0,6078,6116.0,0.9172446330804882
2021-06-10,SP2107,6210,6210,6078,6166,208292.0,12776631280.0,6166,5,6172,1,64571.0,6134,6074.0,0.9172446330804882
2021-06-11,SP2107,6166,6220,6116,6196,168381.0,10382372460.0,6196,9,6198,3,59673.0,6166,6166.0,0.9172446330804882
2021-06-15,SP2107,6196,6296,5960,6050,191159.0,11641583100.0,6050,28,6052,1,56251.0,6090,6196.0,0.9172446330804882
2021-06-16,SP2109,5872,5970,5856,5874,221509.0,13126623340.0,5872,16,5874,10,143733.0,5926,5872.0,0.9450493920532959
2021-06-17,SP2109,5880,5918,5810,5844,322440.0,18894984000.0,5844,2,5846,17,152985.0,5860,5874.0,0.9450493920532959
